fund_code,fund_name,fund_first_year,fund_last_year,fund_observed_years,mapping_status,approved_for_aggregation,mapping_method,relation_type,confidence,mapping_reason,candidate_entity_code,old_open_fund_name,audited_entity_code,priority_area,part_ids,part_descriptions,section_ids,section_descriptions,old_open_first_year,old_open_last_year,old_open_row_count,expense_overlap_years,expense_exact_years,expense_absolute_difference_usd,expense_schedule_absolute_usd,expense_relative_absolute_difference,ppb_mapping_status,ppb_entity_id,ppb_entity_name,ppb_entity_acronym,mapping_workbook,mapping_sheet,mapping_sha256
ACM,Trust Fund in Support of General Assembly and Conference Management Activities,2017,2024,8,mapped,True,exact_normalized_name,name_match,high,Schedule and old-open fund names match after presentation-only normalization.,,Trust Fund in Support of General Assembly and Conference Management Activities,DGACM,Effective functioning of the organization,I,"Overall policymaking, direction and coordination",2,General Assembly and Economic and Social Council affairs and conference management,2019.0,2023.0,5.0,2019 | 2020 | 2021 | 2022 | 2023,1.0,4401.0,1450113.0,0.0030349358980989757,matched,entity:department-for-general-assembly-and-conference-managemen:d3b96fb200,Department for General Assembly and Conference Management,DGACM,,,
AHA,Voluntary Fund for Advisory Services and Technical Assistance in the Field of Human Rights,2017,2024,8,mapped,True,exact_normalized_name,name_match,high,Schedule and old-open fund names match after presentation-only normalization.,,Voluntary Fund for Advisory Services and Technical Assistance in the Field of Human Rights,OHCHR,Promotion and protection of human rights,VI,Human rights and humanitarian affairs,24,Human rights,2019.0,2023.0,6.0,2019 | 2020 | 2021 | 2022 | 2023,2.0,599710.0,108221071.0,0.005541527120906057,matched,entity:office-of-the-united-nations-high-commissioner-for-human:2dab098997,Office of the United Nations High Commissioner for Human Rights,OHCHR,,,
AMR,Trust Fund for the Annual Ministerial Review and the Development Cooperation Forum,2017,2024,8,mapped,True,curated_alias,name_match,high,The schedule omits the two parenthetical acronyms; the fund title and five-year expense pattern identify the old-open row.,,Trust Fund for the Annual Ministerial Review (AMR) and the Development Cooperation Forum (DCF),DESA,Promotion of sustained economic growth and sustainable development,IV,International cooperation for development,9,Economic and social affairs,2019.0,2023.0,5.0,2019 | 2020 | 2021 | 2022 | 2023,2.0,10287.0,901446.0,0.011411665257819104,matched,entity:department-of-economic-and-social-affairs:dc7b378fcc,Department of Economic and Social Affairs,DESA,,,
AMS,Trust Fund for the United Nations Integrated Transition Assistance Mission in Sudan,2022,2024,3,mapped,True,exact_normalized_name,name_match,high,Schedule and old-open fund names match after presentation-only normalization.,,Trust Fund for the United Nations Integrated Transition Assistance Mission in Sudan,UNITAMS,Maintenance of international peace and security,II,Political affairs,3,Political affairs,2022.0,2023.0,2.0,2022 | 2023,1.0,1.0,4614413.0,2.1671228821520744e-07,not_in_ppb_dimension,,,,,,
ANC,Trust Fund in Support of the United Nations Mission in Afghanistan UNAMA,2017,2024,8,unresolved,False,,,medium,The schedule title names UNAMA and the expense pattern is close but the only old-open UNAMA fund has a materially different title; an authoritative fund-code bridge is needed.,UNAMA,,,,,,,,,,,,,,,,not_applicable,,,,,,
BKT,ESCAP - Technical Cooperation Project Trust Funds - Local,2017,2024,8,mapped,True,exact_normalized_name,name_match,high,Schedule and old-open fund names match after presentation-only normalization.,,ESCAP - Technical Cooperation Project Trust Funds - Local,ESCAP,Promotion of sustained economic growth and sustainable development,V,Regional cooperation for development,19,Economic and social development in Asia and the Pacific,2019.0,2023.0,7.0,2019 | 2020 | 2021 | 2022 | 2023,2.0,73141.0,83614575.0,0.0008747398405122552,matched,entity:economic-and-social-commission-for-asia-and-the-pacific:5f076d7329,Economic and Social Commission for Asia and the Pacific,ESCAP,,,
BTF,General Trust Fund for ESCAP Regional Activities,2017,2024,8,mapped,True,exact_normalized_name,name_match,high,Schedule and old-open fund names match after presentation-only normalization.,,General Trust Fund for ESCAP Regional Activities,ESCAP,Promotion of sustained economic growth and sustainable development,V,Regional cooperation for development,19,Economic and social development in Asia and the Pacific,2019.0,2023.0,5.0,2019 | 2020 | 2021 | 2022 | 2023,1.0,4756.0,12374345.0,0.00038434357535691786,matched,entity:economic-and-social-commission-for-asia-and-the-pacific:5f076d7329,Economic and Social Commission for Asia and the Pacific,ESCAP,,,
BTS,ECLAC Santiago - Technical Cooperation Project Trust Funds,2017,2024,8,mapped,True,exact_normalized_name,name_match,high,Schedule and old-open fund names match after presentation-only normalization.,,ECLAC Santiago - Technical Cooperation Project Trust Funds,ECLAC,Promotion of sustained economic growth and sustainable development,V,Regional cooperation for development,21,Economic and social development in Latin America and the Caribbean,2019.0,2023.0,6.0,2019 | 2020 | 2021 | 2022 | 2023,2.0,517389.0,53202505.0,0.009724899231718506,matched,entity:economic-commission-for-latin-america-and-the-caribbean:d3a80ba1e7,Economic Commission for Latin America and the Caribbean,ECLAC,,,
CAF,Trust Fund in Support of Peacebuilding Efforts in the Central African Republic,2017,2024,8,mapped,True,curated_alias,name_match,high,The old-open title uses peace and security where the schedule uses peacebuilding efforts; both identify the Central African Republic account and the expense pattern agrees.,,Trust Fund in Support of Peace and Security in the Central African Republic,MINUSCA,Maintenance of international peace and security,II,Political affairs,5,Peacekeeping operations,2019.0,2023.0,5.0,2019 | 2020 | 2021 | 2022 | 2023,2.0,18118.0,3803039.0,0.004764084722770395,not_in_ppb_dimension,,,,,,
CCR,Trust Fund to Support the Coordination and Coherence of the Rule of Law Activities of the United Nations System,2017,2024,8,mapped,True,exact_normalized_name,name_match,high,Schedule and old-open fund names match after presentation-only normalization.,,Trust Fund to Support the Coordination and Coherence of the Rule of Law Activities of the United Nations System ,EOSG,Maintenance of international peace and security,I,"Overall policymaking, direction and coordination",1,"Overall policy-making, direction and coordination",2019.0,2023.0,5.0,2019 | 2020 | 2021 | 2022 | 2023,1.0,104054.0,3465121.0,0.030028965799462702,matched,entity:executive-office-of-the-secretary-general:382e4a11f5,Executive Office of the Secretary-General,EOSG,,,
CCS,Trust Fund for Climate Change Support,2017,2024,8,mapped,True,exact_normalized_name,name_match,high,Schedule and old-open fund names match after presentation-only normalization.,,Trust Fund for Climate Change Support,EOSG,Promotion of sustained economic growth and sustainable development,I,"Overall policymaking, direction and coordination",1,"Overall policy-making, direction and coordination",2019.0,2023.0,5.0,2019 | 2020 | 2021 | 2022 | 2023,0.0,48505.0,20305122.0,0.0023888061347279764,matched,entity:executive-office-of-the-secretary-general:382e4a11f5,Executive Office of the Secretary-General,EOSG,,,
CER,Central Emergency Response Fund,2017,2024,8,mapped,True,exact_normalized_name,name_match,high,Schedule and old-open fund names match after presentation-only normalization.,,Central Emergency Response Fund,OCHA,Effective coordination of humanitarian assistance efforts,VI,Human rights and humanitarian affairs,27,Humanitarian assistance,2019.0,2023.0,5.0,2019 | 2020 | 2021 | 2022 | 2023,1.0,38079707.0,3465776181.0,0.010987353196308438,matched,entity:office-for-the-coordination-of-humanitarian-affairs:e7cdcb4b83,Office for the Coordination of Humanitarian Affairs,OCHA,,,
CFE,Trust Fund for ECA Construction,2018,2024,7,mapped,True,exact_normalized_name,name_match,high,Schedule and old-open fund names match after presentation-only normalization.,,Trust Fund for ECA Construction,ECA,Development of Africa,V,Regional cooperation for development,18,Economic and social development in Africa,2019.0,2023.0,5.0,2019 | 2020 | 2021 | 2022 | 2023,2.0,57.0,648.0,0.08796296296296297,matched,entity:economic-commission-for-africa:15f8bf93ac,Economic Commission for Africa,ECA,,,
CHA,United Nations Voluntary Fund for Victims of Torture,2017,2024,8,mapped,True,exact_normalized_name,name_match,high,Schedule and old-open fund names match after presentation-only normalization.,,United Nations Voluntary Fund for Victims of Torture,OHCHR,Promotion and protection of human rights,VI,Human rights and humanitarian affairs,24,Human rights,2019.0,2023.0,7.0,2019 | 2020 | 2021 | 2022 | 2023,1.0,21463.0,45509561.0,0.00047161518433456214,matched,entity:office-of-the-united-nations-high-commissioner-for-human:2dab098997,Office of the United Nations High Commissioner for Human Rights,OHCHR,,,
CIA,Trust Fund for a Human Rights Education Programme in Cambodia,2017,2024,8,mapped,True,exact_normalized_name,name_match,high,Schedule and old-open fund names match after presentation-only normalization.,,Trust Fund for a Human Rights Education Programme in Cambodia,OHCHR,Promotion and protection of human rights,VI,Human rights and humanitarian affairs,24,Human rights,2019.0,2023.0,5.0,2019 | 2020 | 2021 | 2022 | 2023,1.0,44154.0,5313240.0,0.008310183616776204,matched,entity:office-of-the-united-nations-high-commissioner-for-human:2dab098997,Office of the United Nations High Commissioner for Human Rights,OHCHR,,,
CIB,Trust Fund in support of the construction and renovation of the United Nations compound in Baghdad,2017,2024,8,mapped,True,exact_normalized_name,name_match,high,Schedule and old-open fund names match after presentation-only normalization.,,Trust Fund in support of the construction and renovation of the United Nations compound in Baghdad,UNAMI,Maintenance of international peace and security,II,Political affairs,3,Political affairs,2019.0,2023.0,5.0,2019 | 2020 | 2021 | 2022 | 2023,2.0,8588.0,11659206.0,0.0007365853215047406,not_in_ppb_dimension,,,,,,
CLA,Trust Fund for Legal Affairs and related issues,2017,2024,8,mapped,True,exact_normalized_name,name_match,high,Schedule and old-open fund names match after presentation-only normalization.,,Trust Fund for Legal Affairs and related issues,OLA,Promotion of international justice and law,III,International justice and law,8,Legal affairs,2019.0,2023.0,5.0,2019 | 2020 | 2021 | 2022 | 2023,2.0,26720.0,1841461.0,0.014510217702139769,matched,entity:office-of-legal-affairs:26ec3d7280,Office of Legal Affairs,OLA,,,
CLO,Trust Funds converted from IMIS to be closed,2017,2024,8,mapped,True,exact_normalized_name,name_match,high,Schedule and old-open fund names match after presentation-only normalization.,,Trust Funds converted from IMIS to be closed,OTHER,Effective functioning of the organization,VIII,Common support services,29A,"Department of Management Strategy, Policy and Compliance",2019.0,2023.0,5.0,2019 | 2020 | 2021 | 2022 | 2023,2.0,765.0,28473.0,0.026867558739858813,not_in_ppb_dimension,,,,,,
CLR,Trust Fund Central Emergency Response Fund Loan component,2017,2024,8,mapped,True,curated_alias,inferred,medium,The loan component is part of the Central Emergency Response Fund administered by OCHA but the old extract does not itemize the zero-expense loan component separately.,,Central Emergency Response Fund,OCHA,Effective coordination of humanitarian assistance efforts,VI,Human rights and humanitarian affairs,27,Humanitarian assistance,2019.0,2023.0,5.0,,,,,,matched,entity:office-for-the-coordination-of-humanitarian-affairs:e7cdcb4b83,Office for the Coordination of Humanitarian Affairs,OCHA,,,
CNM,Trust Fund in Support of the Cameroon-Nigeria Border Demarcation and Other Activities Related to Preventive Diplomacy and Peacemaking,2018,2024,7,mapped,True,exact_normalized_name,name_match,high,Schedule and old-open fund names match after presentation-only normalization.,,Trust Fund in Support of the Cameroon-Nigeria Border Demarcation and Other Activities Related to Preventive Diplomacy and Peacemaking,CNMC,Maintenance of international peace and security,II,Political affairs,3,Political affairs,2019.0,2023.0,5.0,2019 | 2020 | 2021 | 2022 | 2023,1.0,10325.0,6924114.0,0.001491165512295147,not_in_ppb_dimension,,,,,,
COC,Trust Fund to Support Management and Reform Activities,2017,2024,8,mapped,True,exact_normalized_name,name_match,high,Schedule and old-open fund names match after presentation-only normalization.,,Trust Fund to Support Management and Reform Activities,EOSG,Effective functioning of the organization,I,"Overall policymaking, direction and coordination",1,"Overall policy-making, direction and coordination",2019.0,2023.0,5.0,2019 | 2020 | 2021 | 2022 | 2023,1.0,21228.0,4099141.0,0.005178645965093662,matched,entity:executive-office-of-the-secretary-general:382e4a11f5,Executive Office of the Secretary-General,EOSG,,,
CPK,Trust Fund in Support Peacekeeping Activities,2017,2024,8,mapped,True,exact_normalized_name,name_match,high,Schedule and old-open fund names match after presentation-only normalization.,,Trust Fund in Support Peacekeeping Activities,DPO,Maintenance of international peace and security,II,Political affairs,5,Peacekeeping operations,2019.0,2023.0,5.0,2019 | 2020 | 2021 | 2022 | 2023,1.0,16447.0,289043.0,0.05690156827876821,matched,entity:department-of-peace-operations:5dff155e7e,Department of Peace Operations,DPO,,,
CSA,Trust Fund for Case Studies on the Functioning of the Operational Activities for Development of the United Nations System,2017,2024,8,mapped,True,exact_normalized_name,name_match,high,Schedule and old-open fund names match after presentation-only normalization.,,Trust Fund for Case Studies on the Functioning of the Operational Activities for Development of the United Nations System,DESA,Promotion of sustained economic growth and sustainable development,IV,International cooperation for development,9,Economic and social affairs,2019.0,2023.0,5.0,2019 | 2020 | 2021 | 2022 | 2023,1.0,26441.0,387466.0,0.06824082629185528,matched,entity:department-of-economic-and-social-affairs:dc7b378fcc,Department of Economic and Social Affairs,DESA,,,
CTD,Trust Fund for the Counter-Terrorism Committee Executive Directorate,2017,2024,8,mapped,True,exact_normalized_name,name_match,high,Schedule and old-open fund names match after presentation-only normalization.,,Trust Fund for the Counter-Terrorism Committee Executive Directorate,CTED,Maintenance of international peace and security,II,Political affairs,3,Political affairs,2019.0,2023.0,5.0,2019 | 2020 | 2021 | 2022 | 2023,1.0,1354.0,1533660.0,0.0008828553916774253,not_in_ppb_dimension,,,,,,
CTI,Trust Fund for Counter-Terrorism,2017,2024,8,mapped,True,exact_normalized_name,name_match,high,Schedule and old-open fund names match after presentation-only normalization.,,Trust Fund for Counter-Terrorism,OCT,"Drug control, crime prevention and combating terrorism",II,Political affairs,3,Political affairs,2019.0,2023.0,7.0,2019 | 2020 | 2021 | 2022 | 2023,1.0,562923.0,218066362.0,0.002581429775950497,matched,entity:office-of-counter-terrorism:5ec69c0e80,Office of Counter-Terrorism,UNOCT,,,
CYP,Trust Fund to Support Peace and Security in Cyprus,2020,2024,5,mapped,True,exact_normalized_name,name_match,high,Schedule and old-open fund names match after presentation-only normalization.,,Trust Fund to Support Peace and Security in Cyprus,UNFICYP,Maintenance of international peace and security,II,Political affairs,5,Peacekeeping operations,2020.0,2023.0,4.0,2020 | 2021 | 2022 | 2023,3.0,22.0,1371.0,0.016046681254558718,not_in_ppb_dimension,,,,,,
DAA,United Nations Regional Centre for Peace and Disarmament in Africa,2017,2024,8,mapped,True,exact_normalized_name,name_match,high,Schedule and old-open fund names match after presentation-only normalization.,,United Nations Regional Centre for Peace and Disarmament in Africa,ODA,Disarmament,II,Political affairs,4,Disarmament,2019.0,2023.0,6.0,2019 | 2020 | 2021 | 2022 | 2023,1.0,1017.0,2268074.0,0.00044839806814063384,matched,entity:office-for-disarmament-affairs:ae1c445f5a,Office for Disarmament Affairs,ODA,,,
DBA,"Trust Fund for the United Nations Regional Centre for Peace, Disarmament and Development in Latin America",2017,2024,8,mapped,True,exact_normalized_name,name_match,high,Schedule and old-open fund names match after presentation-only normalization.,,"Trust Fund for the United Nations Regional Centre for Peace, Disarmament and Development in Latin America",ODA,Disarmament,II,Political affairs,4,Disarmament,2019.0,2023.0,5.0,2019 | 2020 | 2021 | 2022 | 2023,1.0,25363.0,8249174.0,0.003074610864069542,matched,entity:office-for-disarmament-affairs:ae1c445f5a,Office for Disarmament Affairs,ODA,,,
DDN,Trust Fund for the Strengthening of the Office of the Emergency Relief Coordinator,2017,2024,8,mapped,True,exact_normalized_name,name_match,high,Schedule and old-open fund names match after presentation-only normalization.,,Trust Fund for the Strengthening of the Office of the Emergency Relief Coordinator,OCHA,Effective coordination of humanitarian assistance efforts,VI,Human rights and humanitarian affairs,27,Humanitarian assistance,2019.0,2023.0,8.0,2019 | 2020 | 2021 | 2022 | 2023,0.0,284703068.0,5887752626.0,0.04835513413772965,matched,entity:office-for-the-coordination-of-humanitarian-affairs:e7cdcb4b83,Office for the Coordination of Humanitarian Affairs,OCHA,,,
DFA,Trust Fund for the United Nations Regional Centre for Peace and Disarmament in Asia,2017,2024,8,mapped,True,exact_normalized_name,name_match,high,Schedule and old-open fund names match after presentation-only normalization.,,Trust Fund for the United Nations Regional Centre for Peace and Disarmament in Asia,ODA,Disarmament,II,Political affairs,4,Disarmament,2019.0,2023.0,5.0,2019 | 2020 | 2021 | 2022 | 2023,0.0,6811.0,1231666.0,0.005529908270586344,matched,entity:office-for-disarmament-affairs:ae1c445f5a,Office for Disarmament Affairs,ODA,,,
DGA,Trust Fund for Global and Regional Disarmament Activities,2017,2024,8,mapped,True,exact_normalized_name,name_match,high,Schedule and old-open fund names match after presentation-only normalization.,,Trust Fund for Global and Regional Disarmament Activities,ODA,Disarmament,II,Political affairs,4,Disarmament,2019.0,2023.0,7.0,2019 | 2020 | 2021 | 2022 | 2023,0.0,158227.0,32321619.0,0.004895392152230988,matched,entity:office-for-disarmament-affairs:ae1c445f5a,Office for Disarmament Affairs,ODA,,,
DGT,Sub-account for supporting the implementation of the Arms Trade Treaty and Programme of Action,2017,2024,8,mapped,True,exact_normalized_name,name_match,high,Schedule and old-open fund names match after presentation-only normalization.,,Sub-account for supporting the implementation of the Arms Trade Treaty and Programme of Action,ODA,Disarmament,II,Political affairs,4,Disarmament,2019.0,2023.0,7.0,2019 | 2020 | 2021 | 2022 | 2023,1.0,65582.0,5878857.0,0.011155569866727494,matched,entity:office-for-disarmament-affairs:ae1c445f5a,Office for Disarmament Affairs,ODA,,,
DJA,Trust Fund for the establishment of a Joint Investigative Mechanism (gfj) pursuant to rkp`o OOPR (OMNR),2017,2024,8,mapped,True,curated_alias,name_match,high,The schedule title has PDF font-encoding substitutions for JIM UNSCR and 2235 (2015); the corrected title exists in the old extract.,,Trust Fund for the establishment of a Joint Investigative Mechanism (JIM) pursuant to UNSCR 2235 (2015),ODA,Disarmament,II,Political affairs,4,Disarmament,2019.0,2023.0,5.0,2019 | 2020 | 2021 | 2022 | 2023,2.0,85228.0,34953.0,2.4383600835407546,matched,entity:office-for-disarmament-affairs:ae1c445f5a,Office for Disarmament Affairs,ODA,,,
DLA,Sasakawa - UNDRO Disaster Prevention Award Endowment Fund,2017,2024,8,mapped,True,exact_normalized_name,name_match,high,Schedule and old-open fund names match after presentation-only normalization.,,Sasakawa - UNDRO Disaster Prevention Award Endowment Fund,UNDRR,Effective coordination of humanitarian assistance efforts,VI,Human rights and humanitarian affairs,27,Humanitarian assistance,2019.0,2023.0,5.0,2019 | 2020 | 2021 | 2022 | 2023,2.0,3018.0,265874.0,0.011351241565553609,matched,entity:united-nations-office-for-disaster-risk-reduction:09424b5273,United Nations Office for Disaster Risk Reduction,UNDRR,,,
DRA,United Nations Institute for Disarmament Research,2017,2024,8,mapped,True,exact_normalized_name,name_match,high,Schedule and old-open fund names match after presentation-only normalization.,,United Nations Institute for Disarmament Research,UNIDIR,Disarmament,II,Political affairs,4,Disarmament,2019.0,2023.0,7.0,2019 | 2020 | 2021 | 2022 | 2023,0.0,83479.0,35051563.0,0.002381605636245094,not_in_ppb_dimension,,,,,,
DSA,Special Purpose Trust Fund for the Reinvigorated Resident Coordinator (RC) System,2018,2024,7,mapped,True,curated_alias,name_match,high,The schedule adds articles and expands RC to Resident Coordinator; the title and expense pattern identify the same fund.,,Special Purpose Trust Fund for Reinvigorated RC System,DCO,Promotion of sustained economic growth and sustainable development,I,"Overall policymaking, direction and coordination",1,"Overall policy-making, direction and coordination",2019.0,2023.0,5.0,2019 | 2020 | 2021 | 2022 | 2023,1.0,5628959.0,984781181.0,0.0057159489931398275,matched,entity:resident-coordinator-system:a0b83212e8,Resident coordinator system,RC system,,,
DUN,Trust Fund for Digital Agenda,2018,2024,7,mapped,True,exact_normalized_name,name_match,high,Schedule and old-open fund names match after presentation-only normalization.,,Trust Fund for Digital Agenda,ODET,Promotion of sustained economic growth and sustainable development,I,"Overall policymaking, direction and coordination",1,"Overall policy-making, direction and coordination",2019.0,2023.0,7.0,2019 | 2020 | 2021 | 2022 | 2023,2.0,13218.0,3260984.0,0.004053377753463372,matched,entity:office-for-digital-and-emerging-technologies:7e4c830cea,Office for Digital and Emerging Technologies,ODET,,,
DVA,Trust Fund for Development Planning and Projections,2017,2019,3,unresolved,False,,,low,Development planning and projections suggests DESA but the fund is effectively dormant and has no named row in the old extract.,DESA,,,,,,,,,,,,,,,,not_applicable,,,,,,
DWA,Trust Fund for the United Nations Disarmament Information Programme,2019,2024,6,mapped,True,curated_alias,name_match,high,The schedule expands Info to Information; four of five overlapping expense values are exact.,,Trust Fund for the United Nations Disarmament Info Programme,ODA,Disarmament,II,Political affairs,4,Disarmament,2019.0,2023.0,5.0,2019 | 2020 | 2021 | 2022 | 2023,4.0,18713.0,266025.0,0.07034301287472981,matched,entity:office-for-disarmament-affairs:ae1c445f5a,Office for Disarmament Affairs,ODA,,,
DXA,Trust Fund for Disaster Reduction,2017,2024,8,mapped,True,exact_normalized_name,name_match,high,Schedule and old-open fund names match after presentation-only normalization.,,Trust Fund for Disaster Reduction,UNDRR,Effective coordination of humanitarian assistance efforts,VI,Human rights and humanitarian affairs,27,Humanitarian assistance,2019.0,2023.0,7.0,2019 | 2020 | 2021 | 2022 | 2023,0.0,3015217.0,210340324.0,0.014334945114946195,matched,entity:united-nations-office-for-disaster-risk-reduction:09424b5273,United Nations Office for Disaster Risk Reduction,UNDRR,,,
EAA,"United Nations Electronic Data Interchange for Administration, Commerce and Transport",2017,2020,4,mapped,True,exact_normalized_name,name_match,high,Schedule and old-open fund names match after presentation-only normalization.,,"United Nations Electronic Data Interchange for Administration, Commerce and Transport",ECE,Promotion of sustained economic growth and sustainable development,V,Regional cooperation for development,20,Economic and social development in Europe,2019.0,2020.0,2.0,2019 | 2020,0.0,18.0,2531.0,0.007111813512445673,matched,entity:economic-commission-for-europe:90187162ae,Economic Commission for Europe,ECE,,,
ECE,ECE Local Technical Co-operation Trust Funds,2017,2024,8,mapped,True,exact_normalized_name,name_match,high,Schedule and old-open fund names match after presentation-only normalization.,,ECE Local Technical Co-operation Trust Funds,ECE,Promotion of sustained economic growth and sustainable development,V,Regional cooperation for development,20,Economic and social development in Europe | Economic development in Europe,2019.0,2023.0,6.0,2019 | 2020 | 2021 | 2022 | 2023,0.0,232541.0,78844276.0,0.0029493707317446863,matched,entity:economic-commission-for-europe:90187162ae,Economic Commission for Europe,ECE,,,
EER,Trust Fund in Support of the UN Coordinated Response to the Ebola Crisis,2017,2020,4,unresolved,False,,,none,The Ebola-response fund is dormant in the overlap and has no named row in the old extract; its administering entity cannot be established from these sources.,,,,,,,,,,,,,,,,,not_applicable,,,,,,
EHA,UN/ECE Trust Fund on Human Settlements,2017,2020,4,mapped,True,exact_normalized_name,name_match,high,Schedule and old-open fund names match after presentation-only normalization.,,UN/ECE Trust Fund on Human Settlements,ECE,Promotion of sustained economic growth and sustainable development,V,Regional cooperation for development,20,Economic and social development in Europe,2019.0,2020.0,2.0,2019 | 2020,0.0,5.0,28807.0,0.00017356892421980768,matched,entity:economic-commission-for-europe:90187162ae,Economic Commission for Europe,ECE,,,
EIA,"Trust Fund for Environmental Performance Reviews and the ""Environment for Europe""",2017,2020,4,mapped,True,exact_normalized_name,name_match,high,Schedule and old-open fund names match after presentation-only normalization.,,"Trust Fund for Environmental Performance Reviews and the Environment for Europe""",ECE,Promotion of sustained economic growth and sustainable development,V,Regional cooperation for development,20,Economic and social development in Europe,2019.0,2020.0,2.0,2019 | 2020,1.0,1.0,124540.0,8.029548739360848e-06,matched,entity:economic-commission-for-europe:90187162ae,Economic Commission for Europe,ECE,,,
ERA,Development Forum Trust Fund,2017,2024,8,mapped,True,exact_normalized_name,name_match,high,Schedule and old-open fund names match after presentation-only normalization.,,Development Forum Trust Fund,DGC,Effective functioning of the organization,VII,Global Communications | Public information,28,Global Communications,2019.0,2023.0,5.0,2019 | 2020 | 2021 | 2022 | 2023,0.0,4466.0,1652204.0,0.002703056039084762,matched,entity:department-of-global-communications:7b3ff28c92,Department of Global Communications,DGC,,,
ESA,Trust Fund for Economic and Social Information,2017,2024,8,mapped,True,exact_normalized_name,name_match,high,Schedule and old-open fund names match after presentation-only normalization.,,Trust Fund for Economic and Social Information,DGC,Effective functioning of the organization,VII,Global Communications | Public information,28,Global Communications,2019.0,2023.0,5.0,2019 | 2020 | 2021 | 2022 | 2023,2.0,39185.0,24763762.0,0.0015823524713248335,matched,entity:department-of-global-communications:7b3ff28c92,Department of Global Communications,DGC,,,
ESW,Trust Fund in Support of the System-Wide Evaluation,2022,2024,3,mapped,True,exact_normalized_name,name_match,high,Schedule and old-open fund names match after presentation-only normalization.,,Trust Fund in Support of the System-Wide Evaluation,DMSPC,Effective functioning of the organization,VIII,Common support services,29A,"Department of Management Strategy, Policy and Compliance",2022.0,2023.0,2.0,2022 | 2023,0.0,25461.0,426861.0,0.05964705138206582,matched,entity:department-of-management-strategy-policy-and-compliance:019d36a68e,"Department of Management Strategy, Policy and Compliance",DMSPC,,,
FII,Trust Fund on Indigenous Issues,2017,2024,8,mapped,True,exact_normalized_name,name_match,high,Schedule and old-open fund names match after presentation-only normalization.,,Trust Fund on Indigenous Issues,DESA,Promotion of sustained economic growth and sustainable development,IV,International cooperation for development,9,Economic and social affairs,2019.0,2023.0,4.0,2019 | 2021 | 2022 | 2023,1.0,1554.0,758431.0,0.002048966880309481,matched,entity:department-of-economic-and-social-affairs:dc7b378fcc,Department of Economic and Social Affairs,DESA,,,
FYA,United Nations Trust Fund on Family Activities,2017,2024,8,mapped,True,exact_normalized_name,name_match,high,Schedule and old-open fund names match after presentation-only normalization.,,United Nations Trust Fund on Family Activities,DESA,Promotion of sustained economic growth and sustainable development,IV,International cooperation for development,9,Economic and social affairs,2019.0,2023.0,5.0,2019 | 2020 | 2021 | 2022 | 2023,2.0,781.0,135087.0,0.005781459355822544,matched,entity:department-of-economic-and-social-affairs:dc7b378fcc,Department of Economic and Social Affairs,DESA,,,
GAC,Trust Fund in Support of the Office of the President of the General Assembly,2017,2024,8,mapped,True,exact_normalized_name,name_match,high,Schedule and old-open fund names match after presentation-only normalization.,,Trust Fund in Support of the Office of the President of the General Assembly,OPGA,Effective functioning of the organization,I,"Overall policymaking, direction and coordination",2,General Assembly and Economic and Social Council affairs and conference management,2019.0,2023.0,5.0,2019 | 2020 | 2021 | 2022 | 2023,3.0,13287.0,9798926.0,0.001355964929217753,not_in_ppb_dimension,,,,,,
GBA,Trust Fund for Statistical Development and Capacity Building,2017,2024,8,mapped,True,exact_normalized_name,name_match,high,Schedule and old-open fund names match after presentation-only normalization.,,Trust Fund for Statistical Development and Capacity Building,DESA,Promotion of sustained economic growth and sustainable development,IV,International cooperation for development,9,Economic and social affairs,2019.0,2023.0,5.0,2019 | 2020 | 2021 | 2022 | 2023,2.0,190292.0,4376596.0,0.04347945298126672,matched,entity:department-of-economic-and-social-affairs:dc7b378fcc,Department of Economic and Social Affairs,DESA,,,
GCU,United Nations Trust Fund for Government Contributions to UNICS,2017,2024,8,mapped,True,exact_normalized_name,name_match,high,Schedule and old-open fund names match after presentation-only normalization.,,United Nations Trust Fund for Government Contributions to UNICS,DGC,Effective functioning of the organization,VII,Global Communications | Public information,28,Global Communications,2019.0,2023.0,5.0,2019 | 2020 | 2021 | 2022 | 2023,0.0,18197.0,2876309.0,0.00632651081646652,matched,entity:department-of-global-communications:7b3ff28c92,Department of Global Communications,DGC,,,
GIV,Trust Fund to Support Global Impact and Vulnerability Alert System,2017,2024,8,mapped,True,exact_normalized_name,name_match,high,Schedule and old-open fund names match after presentation-only normalization.,,Trust Fund to Support Global Impact and Vulnerability Alert System,EOSG,Effective functioning of the organization,I,"Overall policymaking, direction and coordination",1,"Overall policy-making, direction and coordination",2019.0,2023.0,6.0,2019 | 2020 | 2021 | 2022 | 2023,1.0,215442.0,26102392.0,0.008253726325158245,matched,entity:executive-office-of-the-secretary-general:382e4a11f5,Executive Office of the Secretary-General,EOSG,,,
GKA,Global Compact Trust Fund,2017,2024,8,mapped,True,exact_normalized_name,name_match,high,Schedule and old-open fund names match after presentation-only normalization.,,Global Compact Trust Fund,UNGC,Effective functioning of the organization,I,"Overall policymaking, direction and coordination",1,"Overall policy-making, direction and coordination",2019.0,2023.0,5.0,2019 | 2020 | 2021 | 2022 | 2023,1.0,128995.0,34668489.0,0.003720814022209044,not_in_ppb_dimension,,,,,,
GLA,Trust Fund in support of the Office of the Special Envoy of the Secretary-General for the Great Lakes Region,2017,2024,8,mapped,True,exact_normalized_name,name_match,high,Schedule and old-open fund names match after presentation-only normalization.,,Trust Fund in support of the Office of the Special Envoy of the Secretary-General for the Great Lakes Region,OSESG-GL,Maintenance of international peace and security,II,Political affairs,3,Political affairs,2019.0,2023.0,5.0,2019 | 2020 | 2021 | 2022 | 2023,0.0,132168.0,2614322.0,0.05055536387637024,not_in_ppb_dimension,,,,,,
GNA,Trust Fund for the International Tribunal for the Prosecution of Persons Responsible for Genocide and Other Serious Violations of International Humanitarian Law Committed in the Territory of Rwanda,2017,2020,4,unresolved,False,,,low,The Rwanda Tribunal title suggests the residual mechanism but the fund is dormant in the overlap and has no named row in the old extract.,MICT,,,,,,,,,,,,,,,,not_applicable,,,,,,
GTA,Trust Fund for German Language Translation,2017,2024,8,mapped,True,exact_normalized_name,name_match,high,Schedule and old-open fund names match after presentation-only normalization.,,Trust Fund for German Language Translation,DGACM,Effective functioning of the organization,I,"Overall policymaking, direction and coordination",2,General Assembly and Economic and Social Council affairs and conference management,2019.0,2023.0,5.0,2019 | 2020 | 2021 | 2022 | 2023,2.0,3284.0,9624751.0,0.0003412036321770818,matched,entity:department-for-general-assembly-and-conference-managemen:d3b96fb200,Department for General Assembly and Conference Management,DGACM,,,
GYA,Trust Fund for United Nations Integrated Peace Building Office in Guinea Bissau (UNIOGBIS),2017,2022,6,mapped,True,exact_normalized_name,name_match,high,Schedule and old-open fund names match after presentation-only normalization.,,Trust Fund for United Nations Integrated Peace Building Office in Guinea Bissau (UNIOGBIS),UNIOGBIS,Maintenance of international peace and security,II,Political affairs,3,Political affairs,2019.0,2020.0,2.0,2019 | 2020,0.0,116.0,1046306.0,0.00011086622842648326,not_in_ppb_dimension,,,,,,
HBP,Trust Fund for the Implementation of HLCM Plan of Action for the Harmonization of Business Practices in the United Nations system,2017,2024,8,mapped,True,exact_normalized_name,name_match,high,Schedule and old-open fund names match after presentation-only normalization.,,Trust Fund for the Implementation of HLCM Plan of Action for the Harmonization of Business Practices in the United Nations System,CEB,Effective functioning of the organization,X,Jointly financed administrative activities and special expenses,31,Jointly financed administrative activities,2019.0,2023.0,5.0,2019 | 2020 | 2022 | 2023,1.0,472.0,577529.0,0.0008172749766678383,matched,entity:united-nations-system-chief-executives-board-for-coordin:492c6dd14c,United Nations System Chief Executives Board for Coordination,CEB,,,
HCA,Trust Fund for the Support to the Activities of the Centre for Human Rights,2017,2024,8,mapped,True,exact_normalized_name,name_match,high,Schedule and old-open fund names match after presentation-only normalization.,,Trust Fund for the Support to the Activities of the Centre for Human Rights,OHCHR,Promotion and protection of human rights,VI,Human rights and humanitarian affairs,24,Human rights,2019.0,2023.0,7.0,2019 | 2020 | 2021 | 2022 | 2023,0.0,870348.0,924904945.0,0.0009410134573342562,matched,entity:office-of-the-united-nations-high-commissioner-for-human:2dab098997,Office of the United Nations High Commissioner for Human Rights,OHCHR,,,
HCB,Host Country Agreements - rken (Volume 1),2020,2024,5,mapped,True,curated_alias,name_match,high,The schedule has a PDF font-encoding substitution for UNHQ; the corrected title and expense pattern identify the old-open row.,,Host Country Agreements - UNHQ (Volume 1),DESA,Promotion of sustained economic growth and sustainable development,IV,International cooperation for development,9,Economic and social affairs,2020.0,2023.0,4.0,2020 | 2021 | 2022 | 2023,2.0,10314.0,5573263.0,0.001850621440258606,matched,entity:department-of-economic-and-social-affairs:dc7b378fcc,Department of Economic and Social Affairs,DESA,,,
HDM,ECA as Executing Agency for Miscellaneous Technical Co-operation Funds,2017,2024,8,mapped,True,exact_normalized_name,name_match,high,Schedule and old-open fund names match after presentation-only normalization.,,ECA as Executing Agency for Miscellaneous Technical Co-operation Funds,ECA,Development of Africa,V,Regional cooperation for development,18,Economic and social development in Africa,2019.0,2023.0,6.0,2019 | 2020 | 2021 | 2022 | 2023,2.0,617092.0,64363643.0,0.009587586582070875,matched,entity:economic-commission-for-africa:15f8bf93ac,Economic Commission for Africa,ECA,,,
HIA,Trust Fund to Support Activities for the Follow-up to the International Conference on Financing for Development,2017,2024,8,mapped,True,exact_normalized_name,name_match,high,Schedule and old-open fund names match after presentation-only normalization.,,Trust Fund to Support Activities for the Follow-up to the International Conference on Financing for Development,DESA,Promotion of sustained economic growth and sustainable development,IV,International cooperation for development,9,Economic and social affairs,2019.0,2023.0,5.0,2019 | 2020 | 2021 | 2022 | 2023,1.0,458818.0,13854201.0,0.03311760815365679,matched,entity:department-of-economic-and-social-affairs:dc7b378fcc,Department of Economic and Social Affairs,DESA,,,
HKA,Trust Fund in Support of the Political Transition in Haiti,2017,2024,8,mapped,True,exact_normalized_name,name_match,high,Schedule and old-open fund names match after presentation-only normalization.,,Trust Fund in Support of the Political Transition in Haiti,BINUH,Maintenance of international peace and security,II,Political affairs,3,Political affairs,2019.0,2023.0,5.0,2019 | 2020 | 2021 | 2022 | 2023,2.0,348.0,83579.0,0.004163725337704447,not_in_ppb_dimension,,,,,,
HYA,Trust Fund for Human Security,2017,2024,8,mapped,True,exact_normalized_name,name_match,high,Schedule and old-open fund names match after presentation-only normalization.,,Trust Fund for Human Security,HSU,Maintenance of international peace and security,II,Political affairs,3,Political affairs,2019.0,2023.0,7.0,2019 | 2020 | 2021 | 2022 | 2023,2.0,37940.0,49432376.0,0.0007675131780030157,not_in_ppb_dimension,,,,,,
ICJ,Trust Fund for the Judicial Fellowship of the International Court of Justice,2021,2024,4,mapped,True,exact_normalized_name,name_match,high,Schedule and old-open fund names match after presentation-only normalization.,,Trust Fund for the Judicial Fellowship of the International Court of Justice,ICJ,Promotion of international justice and law,III,International justice and law,7,International Court of Justice,2021.0,2023.0,3.0,2021 | 2022 | 2023,0.0,1693.0,173439.0,0.00976135701889425,matched,entity:international-court-of-justice:bba9df47ba,International Court of Justice,ICJ,,,
IDA,United Nations Voluntary Fund on Disability,2017,2024,8,mapped,True,exact_normalized_name,name_match,high,Schedule and old-open fund names match after presentation-only normalization.,,United Nations Voluntary Fund on Disability,DESA,Promotion of sustained economic growth and sustainable development,IV,International cooperation for development,9,Economic and social affairs,2019.0,2023.0,5.0,2019 | 2020 | 2021 | 2022 | 2023,0.0,1523.0,326122.0,0.004670031460619032,matched,entity:department-of-economic-and-social-affairs:dc7b378fcc,Department of Economic and Social Affairs,DESA,,,
IDP,African Institute for Economic Development and Planning (IDEP),2018,2024,7,mapped,True,curated_alias,name_match,high,The schedule adds the established acronym IDEP; the title and expense pattern identify the same fund.,,African Institute for Economic Development and Planning,ECA,Development of Africa,V,Regional cooperation for development,18 | 23,Economic and social development in Africa | Regular programme of technical cooperation,2019.0,2023.0,5.0,2019 | 2020 | 2021 | 2022 | 2023,1.0,29998.0,39677940.0,0.0007560372337878428,matched,entity:economic-commission-for-africa:15f8bf93ac,Economic Commission for Africa,ECA,,,
IEA,United Nations Youth Fund,2017,2024,8,mapped,True,exact_normalized_name,name_match,high,Schedule and old-open fund names match after presentation-only normalization.,,United Nations Youth Fund,DESA,Promotion of sustained economic growth and sustainable development,IV,International cooperation for development,9,Economic and social affairs,2019.0,2023.0,5.0,2019 | 2020 | 2021 | 2022 | 2023,2.0,454.0,67211.0,0.006754846676883248,matched,entity:department-of-economic-and-social-affairs:dc7b378fcc,Department of Economic and Social Affairs,DESA,,,
IHA,United Nations Voluntary Fund for Indigenous Populations,2017,2024,8,mapped,True,exact_normalized_name,name_match,high,Schedule and old-open fund names match after presentation-only normalization.,,United Nations Voluntary Fund for Indigenous Populations,OHCHR,Promotion and protection of human rights,VI,Human rights and humanitarian affairs,24,Human rights,2019.0,2023.0,5.0,2019 | 2020 | 2021 | 2022 | 2023,0.0,11863.0,3098496.0,0.0038286316974428885,matched,entity:office-of-the-united-nations-high-commissioner-for-human:2dab098997,Office of the United Nations High Commissioner for Human Rights,OHCHR,,,
IIM,Trust Fund for the Independent Investigative Mechanism for Myanmar,2021,2024,4,mapped,True,exact_normalized_name,name_match,high,Schedule and old-open fund names match after presentation-only normalization.,,Trust Fund for the Independent Investigative Mechanism for Myanmar,IIMM,Promotion of international justice and law,III,International justice and law,8,Legal affairs,2021.0,2023.0,3.0,2021 | 2022 | 2023,3.0,0.0,4647134.0,0.0,matched,entity:independent-investigative-mechanism-for-myanmar:661441143f,Independent Investigative Mechanism for Myanmar,IIMM,,,
IIT,Trust Fund to Support the Iraq Investigative Team pursuant to rkp`o OPTV (OMNT),2017,2024,8,mapped,True,curated_alias,name_match,high,The schedule title has PDF font-encoding substitutions and describes the Iraq Investigative Team established by resolution 2379 (2017); the expense pattern identifies the old-open row.,,Trust Fund in Support of the Implementation of the UNSCR 2379 (2017),UNITAD,Maintenance of international peace and security,II,Political affairs,3,Political affairs,2019.0,2023.0,5.0,2019 | 2020 | 2021 | 2022 | 2023,1.0,155225.0,32416397.0,0.0047884717107826635,not_in_ppb_dimension,,,,,,
IOA,Voluntary Trust Fund to Support the Activities of the International Tribunal Established by Security Council Resolution UOT (NVVP),2017,2020,4,mapped,True,curated_alias,name_match,high,The schedule has PDF font-encoding substitutions for 827 (1993); the corrected title exists in the old extract.,,Voluntary Trust Fund to Support the Activities of the International Tribunal Established by Security Council Resolution 827 (1993),MICT,Promotion of international justice and law,III,International justice and law,8,Legal affairs,2019.0,2020.0,2.0,2019 | 2020,1.0,3.0,10027.0,0.0002991921811110003,not_in_ppb_dimension,,,,,,
JMS,Trust Fund for the AU-UN Joint Mediation Support Team (JMST) for Darfur,2017,2024,8,mapped,True,exact_normalized_name,name_match,high,Schedule and old-open fund names match after presentation-only normalization.,,Trust Fund for the AU-UN Joint Mediation Support Team (JMST) for Darfur,UNAMID,Maintenance of international peace and security,II,Political affairs,5,Peacekeeping operations,2019.0,2023.0,5.0,2019 | 2020 | 2021 | 2022 | 2023,3.0,7346.0,543966.0,0.01350452050311968,not_in_ppb_dimension,,,,,,
JPO,Trust Fund for Junior Professional Officer Programme Administered by Department of Economic and Social Affairs,2017,2024,8,mapped,True,exact_normalized_name,name_match,high,Schedule and old-open fund names match after presentation-only normalization.,,Trust Fund for Junior Professional Officer Programme Administered by Department of Economic and Social Affairs,JPO,Promotion of sustained economic growth and sustainable development,IV,International cooperation for development,9,Economic and social affairs,2019.0,2023.0,7.0,2019 | 2020 | 2021 | 2022 | 2023,1.0,196941.0,245360259.0,0.0008026605482186095,not_in_ppb_dimension,,,,,,
JTA,Trust Fund for the Millennium Assembly and the Millennium Summit of the United Nations,2017,2024,8,mapped,True,exact_normalized_name,name_match,high,Schedule and old-open fund names match after presentation-only normalization.,,Trust Fund for the Millennium Assembly and the Millennium Summit of the United Nations,OTHER,Promotion of sustained economic growth and sustainable development,IV,International cooperation for development,9,Economic and social affairs,2019.0,2023.0,6.0,2019 | 2020 | 2021 | 2022 | 2023,1.0,1770.0,148011.0,0.011958570646776252,not_in_ppb_dimension,,,,,,
KDB,"Trust Fund to Support the Implementation of Community-based Assistance Projects of the Roma, Ashkali and Egyptian Communities in Kosovo",2019,2024,6,mapped,True,exact_normalized_name,name_match,high,Schedule and old-open fund names match after presentation-only normalization.,,"Trust Fund to Support the Implementation of Community-based Assistance Projects of the Roma, Ashkali and Egyptian Communities in Kosovo",UNMIK,Maintenance of international peace and security,II,Political affairs,5,Peacekeeping operations,2019.0,2023.0,5.0,2019 | 2020 | 2021 | 2022 | 2023,3.0,13.0,11.0,1.1818181818181819,not_in_ppb_dimension,,,,,,
KJA,Trust Fund to Assist Members of the Commission on the Limits of the Continental Shelf from Developing States to Participate in its Meetings,2017,2024,8,mapped,True,exact_normalized_name,name_match,high,Schedule and old-open fund names match after presentation-only normalization.,,Trust Fund to Assist Members of the Commission on the Limits of the Continental Shelf from Developing States to Participate in its Meetings,OLA,Promotion of international justice and law,III,International justice and law,8,Legal affairs,2019.0,2023.0,5.0,2019 | 2020 | 2021 | 2022 | 2023,1.0,4993.0,1765093.0,0.0028287461340563923,matched,entity:office-of-legal-affairs:26ec3d7280,Office of Legal Affairs,OLA,,,
KRT,UNAKRT - UN Assistance for the Khmer Rouge Trails,2017,2024,8,mapped,True,exact_normalized_name,name_match,high,Schedule and old-open fund names match after presentation-only normalization.,,UNAKRT - UN Assistance for the Khmer Rouge Trails,UNAKRT,Promotion of international justice and law,III,International justice and law,8,Legal affairs,2019.0,2023.0,5.0,2019 | 2020 | 2021 | 2022 | 2023,0.0,220789.0,46817399.0,0.004715960406087489,not_in_ppb_dimension,,,,,,
KSA,Trust Fund in Support of the United Nations Forum on Forests,2017,2024,8,mapped,True,exact_normalized_name,name_match,high,Schedule and old-open fund names match after presentation-only normalization.,,Trust Fund in Support of the United Nations Forum on Forests,DESA,Promotion of sustained economic growth and sustainable development,IV,International cooperation for development,9,Economic and social affairs,2019.0,2023.0,5.0,2019 | 2020 | 2021 | 2022 | 2023,0.0,2092.0,2274669.0,0.0009196942500205524,matched,entity:department-of-economic-and-social-affairs:dc7b378fcc,Department of Economic and Social Affairs,DESA,,,
KUA,Trust Fund to Assist Developing States in the Preparation of Submissions to the Commission on the Limits of the Continental Shelf,2017,2024,8,mapped,True,exact_normalized_name,name_match,high,Schedule and old-open fund names match after presentation-only normalization.,,Trust Fund to Assist Developing States in the Preparation of Submissions to the Commission on the Limits of the Continental Shelf,OLA,Promotion of international justice and law,III,International justice and law,8,Legal affairs,2019.0,2023.0,5.0,2019 | 2020 | 2021 | 2022 | 2023,0.0,796.0,909768.0,0.000874948338477502,matched,entity:office-of-legal-affairs:26ec3d7280,Office of Legal Affairs,OLA,,,
LAC,ECLAC - Miscellaneous project accounts,2017,2024,8,mapped,True,exact_normalized_name,name_match,high,Schedule and old-open fund names match after presentation-only normalization.,,ECLAC - Miscellaneous project accounts,ECLAC,Promotion of sustained economic growth and sustainable development,V,Regional cooperation for development,21,Economic and social development in Latin America and the Caribbean,2019.0,2023.0,5.0,2019 | 2020 | 2021 | 2022 | 2023,2.0,19.0,200127.0,9.493971328206589e-05,matched,entity:economic-commission-for-latin-america-and-the-caribbean:d3a80ba1e7,Economic Commission for Latin America and the Caribbean,ECLAC,,,
LEA,Library Endowment Fund,2017,2024,8,mapped,True,exact_normalized_name,name_match,high,Schedule and old-open fund names match after presentation-only normalization.,,Library Endowment Fund,UNOG,Effective functioning of the organization,I | VIII,"Common support services | Overall policymaking, direction and coordination",1 | 29E,"Administration, Geneva | Overall policy-making, direction and coordination",2019.0,2023.0,5.0,2019 | 2020 | 2021 | 2022 | 2023,2.0,4290.0,122306.0,0.03507595702582048,matched,entity:united-nations-office-at-geneva:0fde45bf0b,United Nations Office at Geneva,UNOG,,,
LJA,Trust Fund for Special Projects of the Secretary-General,2017,2024,8,mapped,True,exact_normalized_name,name_match,high,Schedule and old-open fund names match after presentation-only normalization.,,Trust Fund for Special Projects of the Secretary-General,EOSG,Effective functioning of the organization,I,"Overall policymaking, direction and coordination",1,"Overall policy-making, direction and coordination",2019.0,2023.0,6.0,2019 | 2020 | 2021 | 2022 | 2023,0.0,144059.0,54726352.0,0.002632351595443453,matched,entity:executive-office-of-the-secretary-general:382e4a11f5,Executive Office of the Secretary-General,EOSG,,,
LLA,Trust Fund in Support of the Department of Peacekeeping Operations,2017,2024,8,mapped,True,exact_normalized_name,name_match,high,Schedule and old-open fund names match after presentation-only normalization.,,Trust Fund in Support of the Department of Peacekeeping Operations,DPO,Maintenance of international peace and security,II,Political affairs,5,Peacekeeping operations,2019.0,2023.0,6.0,2019 | 2020 | 2021 | 2022 | 2023,0.0,268308.0,89676041.0,0.002991969728012413,matched,entity:department-of-peace-operations:5dff155e7e,Department of Peace Operations,DPO,,,
LLB,Trust Fund in Support of the Department of Operational Support,2019,2024,6,mapped,True,exact_normalized_name,name_match,high,Schedule and old-open fund names match after presentation-only normalization.,,Trust Fund in Support of the Department of Operational Support,DOS,Effective functioning of the organization,VIII,Common support services,29B,Department of Operational Support,2019.0,2023.0,7.0,2019 | 2020 | 2021 | 2022 | 2023,2.0,110005.0,50197467.0,0.0021914452376650797,matched,entity:department-of-operational-support:8b8c591f4c,Department of Operational Support,DOS,,,
LLS,"Trust Fund in Support of Activities Undertaken by the Office of the High Representative for the Least Developed Countries, Landlocked Developing Countries and Small Island Developing States (OHRLLS)",2017,2024,8,mapped,True,exact_normalized_name,name_match,high,Schedule and old-open fund names match after presentation-only normalization.,,"Trust Fund in Support of Activities Undertaken by the Office of the High Representative for the Least Developed Countries, Landlocked Developing Countries and Small Island Developing States (OHRLLS)",UN-OHRLLS,Promotion of sustained economic growth and sustainable development,IV,International cooperation for development,10,"Least developed countries, landlocked developing countries and small island developing States",2019.0,2023.0,5.0,2019 | 2020 | 2021 | 2022 | 2023,0.0,38336.0,8690514.0,0.004411246561480713,matched,entity:office-of-the-high-representative-for-the-least-develope:9b79e98c03,"Office of the High Representative for the Least Developed Countries, Landlocked Developing Countries and Small Island Developing States",UN-OHRLLS,,,
LMR,Trust Fund for Locally Mobilized Non-Core Support for the UN Resident Coordinator Offices,2022,2024,3,mapped,True,curated_alias,name_match,high,The schedule uses Support where the old extract uses Resources; the title and overlapping expense pattern identify the same fund.,,Trust Fund for Locally Mobilized Non-Core Resources for the UN Resident Coordinator Offices,DCO,Promotion of sustained economic growth and sustainable development,I,"Overall policymaking, direction and coordination",1,"Overall policy-making, direction and coordination",2022.0,2023.0,2.0,2022 | 2023,1.0,105080.0,5388101.0,0.01950223279036529,matched,entity:resident-coordinator-system:a0b83212e8,Resident coordinator system,RC system,,,
LPD,Trust Fund to Support Lasting Peace in Darfur,2017,2024,8,mapped,True,exact_normalized_name,name_match,high,Schedule and old-open fund names match after presentation-only normalization.,,Trust Fund to Support Lasting Peace in Darfur,UNAMID,Maintenance of international peace and security,II,Political affairs,5,Peacekeeping operations,2019.0,2023.0,5.0,2019 | 2020 | 2021 | 2022 | 2023,1.0,666.0,49578.0,0.01343337770785429,not_in_ppb_dimension,,,,,,
LRA,Trust Fund for the Financing of the Implementation of the Convention on Long-Range Transboundary Air Pollution,2017,2024,8,mapped,True,exact_normalized_name,name_match,high,Schedule and old-open fund names match after presentation-only normalization.,,Trust Fund for the Financing of the Implementation of the Convention on Long-Range Transboundary Air Pollution,ECE,Promotion of sustained economic growth and sustainable development,V,Regional cooperation for development,20,Economic and social development in Europe | Economic development in Europe,2019.0,2023.0,6.0,2019 | 2020 | 2021 | 2022 | 2023,1.0,12347.0,17181928.0,0.0007186038726270999,matched,entity:economic-commission-for-europe:90187162ae,Economic Commission for Europe,ECE,,,
LSS,Trust Fund for UNOG Local Support Services,2017,2024,8,mapped,True,exact_normalized_name,name_match,high,Schedule and old-open fund names match after presentation-only normalization.,,Trust Fund for UNOG Local Support Services,UNOG,Effective functioning of the organization,I | VIII,"Common support services | Overall policymaking, direction and coordination",1 | 29E,"Administration, Geneva | Overall policy-making, direction and coordination",2019.0,2023.0,5.0,2019 | 2020 | 2021 | 2022 | 2023,1.0,193065.0,44758849.0,0.004313448721614803,matched,entity:united-nations-office-at-geneva:0fde45bf0b,United Nations Office at Geneva,UNOG,,,
LTA,Trust Fund for the ECE Study on Long-Term European Timber Trends and Prospects,2017,2020,4,mapped,True,exact_normalized_name,name_match,high,Schedule and old-open fund names match after presentation-only normalization.,,Trust Fund for the ECE Study on Long-Term European Timber Trends and Prospects,ECE,Promotion of sustained economic growth and sustainable development,V,Regional cooperation for development,20,Economic and social development in Europe,2019.0,2020.0,2.0,2019 | 2020,1.0,5.0,49987.0,0.00010002600676175806,matched,entity:economic-commission-for-europe:90187162ae,Economic Commission for Europe,ECE,,,
MIS,Trust Fund in Support of the African-led International Support Mission in the Central African Republic (MISCA),2017,2024,8,mapped,True,exact_normalized_name,name_match,high,Schedule and old-open fund names match after presentation-only normalization.,,Trust Fund in Support of the African-led International Support Mission in the Central African Republic (MISCA),MINUSCA,Maintenance of international peace and security,II,Political affairs,5,Peacekeeping operations,2019.0,2023.0,5.0,2019 | 2020 | 2021 | 2022 | 2023,2.0,377.0,283.0,1.332155477031802,not_in_ppb_dimension,,,,,,
MNA,Voluntary Trust Fund for Assistance in Mine Action,2017,2024,8,mapped,True,exact_normalized_name,name_match,high,Schedule and old-open fund names match after presentation-only normalization.,,Voluntary Trust Fund for Assistance in Mine Action,UNMAS,Maintenance of international peace and security,II,Political affairs,5,Peacekeeping operations,2019.0,2023.0,7.0,2019 | 2020 | 2021 | 2022 | 2023,1.0,3016217.0,347292911.0,0.008684936848595795,not_in_ppb_dimension,,,,,,
MSM,Trust Fund in Support of the African-led International Support Mission in Mali,2017,2024,8,mapped,True,exact_normalized_name,name_match,high,Schedule and old-open fund names match after presentation-only normalization.,,Trust Fund in Support of the African-led International Support Mission in Mali,MINUSMA,Maintenance of international peace and security,II,Political affairs,5,Peacekeeping operations,2019.0,2023.0,6.0,2019 | 2020 | 2021 | 2022 | 2023,2.0,1390.0,2395.0,0.5803757828810021,not_in_ppb_dimension,,,,,,
MSS,Trust Fund in Support of the Multinational Security Support (MSS) Mission in Haiti,2023,2024,2,mapped,True,exact_normalized_name,name_match,high,Schedule and old-open fund names match after presentation-only normalization.,,Trust Fund in Support of the Multinational Security Support (MSS) Mission in Haiti,OTHER,Maintenance of international peace and security,II,Political affairs,3,Political affairs,2023.0,2023.0,1.0,2023,0.0,1.0,53703.0,1.862093365361339e-05,not_in_ppb_dimension,,,,,,
MWF,Trust Fund for the Memorial Wall for Fallen UN Peacekeepers,2024,2024,1,mapped,True,arwo_exact_normalized_name,name_match,high,Exact fund name and unique entity in latest ARWO consolidated sheet.,DPO,Trust Fund for the Memorial Wall for Fallen UN Peacekeepers,DPO,Maintenance of international peace and security,II,Political affairs,5,Peacekeeping operations,2024.0,2025.0,2.0,2024,0.0,487.0,16.0,30.4375,matched,entity:department-of-peace-operations:5dff155e7e,Department of Peace Operations,DPO,ARWO_2019-2025.xlsx,Data_Raw_19-25,55147c39f37135af81d1b253394123987f6377fd8d241d2381c1f65350795b3f
MYM,Trust Fund in support of executing the mandate of the Special Envoy of Secretary-General on Myanmar (SESG-Myanmar),2020,2024,5,mapped,True,exact_normalized_name,name_match,high,Schedule and old-open fund names match after presentation-only normalization.,,Trust Fund in support of executing the mandate of the Special Envoy of Secretary-General on Myanmar (SESG-Myanmar),OSESG-Myanmar,Maintenance of international peace and security,II,Political affairs,3,Political affairs,2020.0,2023.0,4.0,2020 | 2021 | 2022 | 2023,1.0,4788.0,1627806.0,0.002941382449751383,not_in_ppb_dimension,,,,,,
NAA,Trust Fund for the Support of Activities of OSAA to the New Partnership for Africa's Development (NEPAD) and Tokyo International Conference on African Development (TICAD) Process,2017,2024,8,mapped,True,exact_normalized_name,name_match,high,Schedule and old-open fund names match after presentation-only normalization.,,Trust Fund for the Support of Activities of OSAA to the New Partnership for Africa's Development (NEPAD) and Tokyo International Conference on African Development (TICAD) Process,OSAA,Development of Africa,IV,International cooperation for development,11,United Nations support for the New Partnership for Africa's Development | United Nations system support for the African Union’s Agenda 2063: The Africa We Want,2019.0,2023.0,5.0,2019 | 2020 | 2021 | 2022 | 2023,1.0,914.0,327051.0,0.002794671167493755,matched,entity:office-of-the-special-adviser-on-africa:84f593bbc4,Office of the Special Adviser on Africa,OSAA,,,
NGA,Trust Fund to Support Peace Process in the Democratic Republic of Congo,2017,2024,8,mapped,True,exact_normalized_name,name_match,high,Schedule and old-open fund names match after presentation-only normalization.,,Trust Fund to Support Peace Process in the Democratic Republic of Congo,MONUSCO,Maintenance of international peace and security,II,Political affairs,5,Peacekeeping operations,2019.0,2023.0,5.0,2019 | 2020 | 2021 | 2022 | 2023,2.0,4154.0,42570.0,0.0975804557199906,not_in_ppb_dimension,,,,,,
NNA,Trust Fund for Children and Armed Conflict,2017,2024,8,mapped,True,exact_normalized_name,name_match,high,Schedule and old-open fund names match after presentation-only normalization.,,Trust Fund for Children and Armed Conflict,OSRSG-CAAC,Maintenance of international peace and security,I,"Overall policymaking, direction and coordination",1,"Overall policy-making, direction and coordination",2019.0,2023.0,5.0,2019 | 2020 | 2021 | 2022 | 2023,2.0,5.0,7854843.0,6.36549960323841e-07,matched,entity:office-of-the-special-representative-of-the-secretary-ge:36aaf7096f,Office of the Special Representative of the Secretary-General for Children and Armed Conflict,SRSG-CAAC,,,
OAU,Trust Fund to support the rkl^r pursuant to Security Councils OOPM (OMNS) OPTU (OMNT) and OQRT (OMNV),2020,2024,5,mapped,True,curated_alias,name_match,high,The schedule has PDF font-encoding substitutions for UNOAU and the resolution numbers; the corrected title and expense pattern identify the old-open row.,,"Trust Fund to support the UNOAU pursuant to Security Councils 2230 (2016), 2378 (2017) and 2457 (2019)",UNOAU,Maintenance of international peace and security,II,Political affairs,3,Political affairs,2020.0,2023.0,4.0,2020 | 2021 | 2022 | 2023,1.0,52507.0,1332500.0,0.03940487804878049,matched,entity:united-nations-office-to-the-african-union:1a220fd206,United Nations Office to the African Union,,,,
OST,Trust Fund in Support of the Office of the Secretary-General's Envoy on Technology,2023,2024,2,mapped,True,exact_normalized_name,name_match,high,Schedule and old-open fund names match after presentation-only normalization.,,Trust Fund in Support of the Office of the Secretary-General's Envoy on Technology,ODET,Promotion of sustained economic growth and sustainable development,I,"Overall policymaking, direction and coordination",1,"Overall policy-making, direction and coordination",2023.0,2023.0,1.0,2023,1.0,0.0,35485.0,0.0,matched,entity:office-for-digital-and-emerging-technologies:7e4c830cea,Office for Digital and Emerging Technologies,ODET,,,
OTB,Trust Fund to Support the launch and operationalization of the Technology Bank for LDCs,2017,2024,8,mapped,True,exact_normalized_name,name_match,high,Schedule and old-open fund names match after presentation-only normalization.,,Trust Fund to Support the launch and operationalization of the Technology Bank for LDCs,DESA,Promotion of sustained economic growth and sustainable development,IV,International cooperation for development,9,Economic and social affairs,2019.0,2023.0,7.0,2019 | 2020 | 2021 | 2022 | 2023,2.0,3725.0,10536366.0,0.0003535374530459553,matched,entity:department-of-economic-and-social-affairs:dc7b378fcc,Department of Economic and Social Affairs,DESA,,,
OUN,Technical Cooperation Trust Fund for One UN projects implemented by UNCTAD,2017,2024,8,mapped,True,exact_normalized_name,name_match,high,Schedule and old-open fund names match after presentation-only normalization.,,Technical Cooperation Trust Fund for One UN projects implemented by UNCTAD,UNCTAD,Promotion of sustained economic growth and sustainable development,IV,International cooperation for development,12,Trade and development,2019.0,2023.0,5.0,2019 | 2020 | 2021 | 2022 | 2023,0.0,1003.0,3042664.0,0.00032964533711247774,matched,entity:united-nations-conference-on-trade-and-development:407a3c62a0,United Nations Conference on Trade and Development,UNCTAD,,,
PDF,Trust Fund for United Nations Peace and Development,2017,2024,8,mapped,True,exact_normalized_name,name_match,high,Schedule and old-open fund names match after presentation-only normalization.,,Trust Fund for United Nations Peace and Development,DESA,Promotion of sustained economic growth and sustainable development,IV,International cooperation for development,9,Economic and social affairs,2019.0,2023.0,7.0,2019 | 2020 | 2021 | 2022 | 2023,1.0,104512.0,81756621.0,0.0012783307177041967,matched,entity:department-of-economic-and-social-affairs:dc7b378fcc,Department of Economic and Social Affairs,DESA,,,
PGA,Trust Fund for Population and Development,2017,2024,8,mapped,True,exact_normalized_name,name_match,high,Schedule and old-open fund names match after presentation-only normalization.,,Trust Fund for Population and Development,DESA,Promotion of sustained economic growth and sustainable development,IV,International cooperation for development,9,Economic and social affairs,2019.0,2023.0,5.0,2019 | 2020 | 2021 | 2022 | 2023,1.0,1988.0,4982638.0,0.00039898543703154835,matched,entity:department-of-economic-and-social-affairs:dc7b378fcc,Department of Economic and Social Affairs,DESA,,,
PIA,Trust Fund for Public Awareness on Disarmament Affairs,2019,2024,6,mapped,True,curated_alias,name_match,high,The old extract abbreviates and singularizes Disarmament Affairs; the expense pattern identifies the same fund.,,Trust fund for Public Awareness on Disarm Affair,ODA,Disarmament,II,Political affairs,4,Disarmament,2019.0,2023.0,5.0,2019 | 2020 | 2021 | 2022 | 2023,2.0,1035.0,537694.0,0.0019248866455642056,matched,entity:office-for-disarmament-affairs:ae1c445f5a,Office for Disarmament Affairs,ODA,,,
PIL,Trust Fund for the Office of Legal Affairs to Support the Promotion of International Law,2017,2024,8,mapped,True,exact_normalized_name,name_match,high,Schedule and old-open fund names match after presentation-only normalization.,,Trust Fund for the Office of Legal Affairs to Support the Promotion of International Law,OLA,Promotion of international justice and law,III,International justice and law,8,Legal affairs,2019.0,2023.0,5.0,2019 | 2020 | 2021 | 2022 | 2023,2.0,68203.0,9441869.0,0.007223463913765379,matched,entity:office-of-legal-affairs:26ec3d7280,Office of Legal Affairs,OLA,,,
PSL,Trust Fund in Support of Peace and Security in Libya,2017,2024,6,mapped,True,exact_normalized_name,name_match,high,Schedule and old-open fund names match after presentation-only normalization.,,Trust Fund in Support of Peace and Security in Libya,UNSMIL,Maintenance of international peace and security,II,Political affairs,3,Political affairs,2019.0,2023.0,3.0,2019 | 2020 | 2023,1.0,13.0,1.0,13.0,not_in_ppb_dimension,,,,,,
PSM,Trust Fund in Support of Peace and Security in Mali,2017,2024,8,mapped,True,exact_normalized_name,name_match,high,Schedule and old-open fund names match after presentation-only normalization.,,Trust Fund in Support of Peace and Security in Mali,MINUSMA,Maintenance of international peace and security,II,Political affairs,5,Peacekeeping operations,2019.0,2023.0,7.0,2019 | 2020 | 2021 | 2022 | 2023,2.0,994674.0,57665304.0,0.017249089677911,not_in_ppb_dimension,,,,,,
PSO,Trust Fund for the Peacebuilding Support Office,2017,2024,8,mapped,True,exact_normalized_name,name_match,high,Schedule and old-open fund names match after presentation-only normalization.,,Trust Fund for the Peacebuilding Support Office,DPPA,Maintenance of international peace and security,II,Political affairs,3,Political affairs,2019.0,2023.0,5.0,2019 | 2020 | 2021 | 2022 | 2023,1.0,7725.0,14659826.0,0.0005269503198741922,matched,entity:department-of-political-and-peacebuilding-affairs:683a184de8,Department of Political and Peacebuilding Affairs,DPPA,,,
PYA,Trust Fund for Preventive Action,2017,2024,8,mapped,True,exact_normalized_name,name_match,high,Schedule and old-open fund names match after presentation-only normalization.,,Trust Fund for Preventive Action,DPPA,Maintenance of international peace and security,II,Political affairs,3,Political affairs,2019.0,2023.0,5.0,2019 | 2020 | 2021 | 2022 | 2023,1.0,211.0,118054.0,0.0017873176681857455,matched,entity:department-of-political-and-peacebuilding-affairs:683a184de8,Department of Political and Peacebuilding Affairs,DPPA,,,
QGA,United Nations Fund for International Partnership (UNFIP),2017,2024,8,mapped,True,exact_normalized_name,name_match,high,Schedule and old-open fund names match after presentation-only normalization.,,United Nations Fund for International Partnership (UNFIP),UNOP,Promotion of sustained economic growth and sustainable development,I,"Overall policymaking, direction and coordination",1,"Overall policy-making, direction and coordination",2019.0,2023.0,7.0,2019 | 2020 | 2021 | 2022 | 2023,1.0,4026.0,74858511.0,5.378145979954103e-05,not_in_ppb_dimension,,,,,,
QGB,Trust Fund for Partnerships,2017,2024,8,mapped,True,exact_normalized_name,name_match,high,Schedule and old-open fund names match after presentation-only normalization.,,Trust Fund for Partnerships,UNOP,Promotion of sustained economic growth and sustainable development,I,"Overall policymaking, direction and coordination",1,"Overall policy-making, direction and coordination",2019.0,2023.0,6.0,2019 | 2020 | 2021 | 2022 | 2023,2.0,38157.0,5186662.0,0.00735675469116746,not_in_ppb_dimension,,,,,,
QOA,United Nations Trust Fund for Enhancing Professional Capacity in Internal Oversight Functions,2017,2024,8,mapped,True,exact_normalized_name,name_match,high,Schedule and old-open fund names match after presentation-only normalization.,,United Nations Trust Fund for Enhancing Professional Capacity in Internal Oversight Functions,OIOS,Effective functioning of the organization,IX,Internal oversight,30,Internal oversight,2019.0,2023.0,5.0,2019 | 2020 | 2021 | 2022 | 2023,0.0,5815.0,681544.0,0.008532097707558133,matched,entity:office-of-internal-oversight-services:bcf9265069,Office of Internal Oversight Services,OIOS,,,
RIA,United Nations Research Institute for Social Development,2017,2024,8,mapped,True,exact_normalized_name,name_match,high,Schedule and old-open fund names match after presentation-only normalization.,,United Nations Research Institute for Social Development,UNRISD,Promotion of sustained economic growth and sustainable development,IV,International cooperation for development,9,Economic and social affairs,2019.0,2023.0,5.0,2019 | 2020 | 2021 | 2022 | 2023,0.0,303398.0,14847870.0,0.020433772655606496,not_in_ppb_dimension,,,,,,
RMB,Trust Fund to Support the Activities of the International Residual Mechanism for Criminal Tribunals,2017,2024,8,mapped,True,exact_normalized_name,name_match,high,Schedule and old-open fund names match after presentation-only normalization.,,Trust Fund to Support the Activities of the International Residual Mechanism for Criminal Tribunals,MICT,Promotion of international justice and law,III,International justice and law,8,Legal affairs,2019.0,2023.0,5.0,2019 | 2020 | 2021 | 2022 | 2023,1.0,85476.0,6080596.0,0.014057174658536762,not_in_ppb_dimension,,,,,,
ROD,Trust Fund in Support of the United Nations Register of Damage,2017,2024,8,mapped,True,exact_normalized_name,name_match,high,Schedule and old-open fund names match after presentation-only normalization.,,Trust Fund in Support of the United Nations Register of Damage,UNRoD,Maintenance of international peace and security,II,Political affairs,3,Political affairs,2019.0,2023.0,7.0,2019 | 2020 | 2021 | 2022 | 2023,2.0,93.0,893444.0,0.00010409158268453311,matched,entity:united-nations-register-of-damage-caused-by-the-construc:95d7d6a590,United Nations Register of Damage Caused by the Construction of the Wall in the Occupied Palestinian Territory,UNRoD,,,
RSS,Trust Fund for the United Nations Mission in South Sudan,2019,2024,6,mapped,True,exact_normalized_name,name_match,high,Schedule and old-open fund names match after presentation-only normalization.,,Trust Fund for the United Nations Mission in South Sudan,UNMISS,Maintenance of international peace and security,II,Political affairs,5,Peacekeeping operations,2019.0,2023.0,5.0,2019 | 2020 | 2021 | 2022 | 2023,0.0,125219.0,2515593.0,0.049777130084238584,not_in_ppb_dimension,,,,,,
SAU,Trust Fund in Support of the African Union Mission to Somalia (AMISOM),2017,2024,8,mapped,True,exact_normalized_name,name_match,high,Schedule and old-open fund names match after presentation-only normalization.,,Trust Fund in Support of the African Union Mission to Somalia (AMISOM),AMISOM,Maintenance of international peace and security,II,Political affairs,5,Peacekeeping operations,2019.0,2023.0,5.0,2019 | 2020 | 2021 | 2022 | 2023,0.0,301631.0,68687018.0,0.004391382953908408,not_in_ppb_dimension,,,,,,
SBA,Trust Fund in Support of United Nations Programme on Peaceful Uses of Outer Space,2017,2024,8,mapped,True,exact_normalized_name,name_match,high,Schedule and old-open fund names match after presentation-only normalization.,,Trust Fund in Support of United Nations Programme on Peaceful Uses of Outer Space,OOSA,Maintenance of international peace and security,II,Political affairs,6,Peaceful uses of outer space,2021.0,2023.0,2.0,2021 | 2023,0.0,10286.0,2822815.0,0.0036438803109661807,matched,entity:office-for-outer-space-affairs:c0e1518ec7,Office for Outer Space Affairs,OOSA,,,
SCC,Trust Fund to support the Syrian Constitutional Committee,2020,2024,5,mapped,True,exact_normalized_name,name_match,high,Schedule and old-open fund names match after presentation-only normalization.,,Trust Fund to support the Syrian Constitutional Committee,OJSRS,Maintenance of international peace and security,II,Political affairs,3,Political affairs,2020.0,2023.0,4.0,2020 | 2021 | 2022 | 2023,2.0,245992.0,2782997.0,0.08839104030654722,not_in_ppb_dimension,,,,,,
SCS,Trust Fund in support of the activities of the Office of the UN Special Coordinator for the Development in the Sahel,2021,2024,4,mapped,True,exact_normalized_name,name_match,high,Schedule and old-open fund names match after presentation-only normalization.,,Trust Fund in support of the activities of the Office of the UN Special Coordinator for the Development in the Sahel,OSCS,Development of Africa,IV,International cooperation for development,11,United Nations system support for the African Union’s Agenda 2063: The Africa We Want,2021.0,2023.0,3.0,2021 | 2022 | 2023,2.0,13729.0,3286848.0,0.004176950074965438,not_in_ppb_dimension,,,,,,
SDP,Trust Fund for Sports for Development and Peace,2017,2020,4,mapped,True,exact_normalized_name,name_match,high,Schedule and old-open fund names match after presentation-only normalization.,,Trust Fund for Sports for Development and Peace,UNOG,Effective functioning of the organization,VIII,Common support services,29E,"Administration, Geneva",2019.0,2020.0,2.0,2019 | 2020,0.0,111.0,17441.0,0.006364313972822659,matched,entity:united-nations-office-at-geneva:0fde45bf0b,United Nations Office at Geneva,UNOG,,,
SEA,Trust Fund in support of the Special Coordinator on improving the United Nations response to Sexual Exploitation and Abuse,2023,2024,2,mapped,True,curated_alias,name_match,high,The schedule shortens the office title; both titles identify the same Special Coordinator.,,Trust Fund in Support of the Office of the Special Coordinator on Improving United Nations Response to Sexual Exploitation and Abuse,OSC-SEA,Maintenance of international peace and security,I,"Overall policymaking, direction and coordination",1,"Overall policy-making, direction and coordination",2023.0,2023.0,1.0,2023,0.0,424.0,56.0,7.571428571428571,matched,entity:office-of-the-united-nations-special-coordinator-on-impr:d5dcfb0093,Office of the United Nations Special Coordinator on Improving the United Nations Response to Sexual Exploitation and Abuse,SEA Coordinator,,,
SHA,United Nations Trust Fund on Contemporary Forms of Slavery,2017,2024,8,mapped,True,exact_normalized_name,name_match,high,Schedule and old-open fund names match after presentation-only normalization.,,United Nations Trust Fund on Contemporary Forms of Slavery,OHCHR,Promotion and protection of human rights,VI,Human rights and humanitarian affairs,24,Human rights,2019.0,2023.0,5.0,2019 | 2020 | 2021 | 2022 | 2023,2.0,5388.0,4216316.0,0.0012778928334593518,matched,entity:office-of-the-united-nations-high-commissioner-for-human:2dab098997,Office of the United Nations High Commissioner for Human Rights,OHCHR,,,
SIM,Trust Fund in Support of the International Impartial and Independent Mechanism,2017,2024,8,mapped,True,exact_normalized_name,name_match,high,Schedule and old-open fund names match after presentation-only normalization.,,Trust Fund in Support of the International Impartial and Independent Mechanism,IIIM,Promotion of international justice and law,III,International justice and law,8,Legal affairs,2019.0,2023.0,5.0,2019 | 2020 | 2021 | 2022 | 2023,0.0,2906048.0,31601349.0,0.09195961855932162,matched,entity:international-impartial-and-independent-mechanism-to-ass:e39d132bf4,"International, Impartial and Independent Mechanism to Assist in the Investigation and Prosecution of Persons Responsible for the Most Serious Crimes under International Law Committed in the Syrian Arab Republic since March 2011",IIIM,,,
SNA,Trust Fund to promote information to United Nations staff about the work of the Organization (formerly Secretariat News Trust Fund),2017,2024,8,mapped,True,exact_normalized_name,name_match,high,Schedule and old-open fund names match after presentation-only normalization.,,Trust Fund to promote information to United Nations staff about the work of the Organization (formerly Secretariat News Trust Fund),DGC,Effective functioning of the organization,VII,Global Communications | Public information,28,Global Communications,2019.0,2023.0,5.0,2019 | 2020 | 2021 | 2022 | 2023,2.0,28.0,20458.0,0.001368657737804282,matched,entity:department-of-global-communications:7b3ff28c92,Department of Global Communications,DGC,,,
SOP,Trust Fund for Peacebuilding in Somalia,2017,2024,8,mapped,True,exact_normalized_name,name_match,high,Schedule and old-open fund names match after presentation-only normalization.,,Trust Fund for Peacebuilding in Somalia,UNSOM,Maintenance of international peace and security,II,Political affairs,3,Political affairs,2019.0,2023.0,6.0,2019 | 2020 | 2021 | 2022 | 2023,1.0,1022.0,1629740.0,0.0006270938922772958,not_in_ppb_dimension,,,,,,
STS,Trust Fund in Support of the Somali Transitional Security Institutions,2017,2020,4,mapped,True,exact_normalized_name,name_match,high,Schedule and old-open fund names match after presentation-only normalization.,,Trust Fund in Support of the Somali Transitional Security Institutions,UNSOS,Maintenance of international peace and security,II,Political affairs,5,Peacekeeping operations,2019.0,2020.0,2.0,2019 | 2020,1.0,506.0,46926.0,0.010782934833567745,not_in_ppb_dimension,,,,,,
SVB,Trust Fund in Support of Victims of Sexual Exploitaion and Abuse,2017,2024,8,mapped,True,curated_alias,name_match,high,The schedule misspells Exploitation; the title and expense pattern identify the same fund.,,Trust Fund in Support of Victims of Sexual Exploitation and Abuse,VRA,Effective functioning of the organization,I,"Overall policymaking, direction and coordination",1,"Overall policy-making, direction and coordination",2019.0,2023.0,6.0,2019 | 2020 | 2021 | 2022 | 2023,2.0,2756.0,3625548.0,0.0007601609467037811,matched,entity:office-of-the-victims-rights-advocate:5e396287da,Office of the Victims' Rights Advocate,OVRA,,,
SVC,Trust Fund in Support of the Office of the Special Representative of the Secretary-General on Sexual Violence in Conflict,2017,2024,8,mapped,True,exact_normalized_name,name_match,high,Schedule and old-open fund names match after presentation-only normalization.,,Trust Fund in Support of the Office of the Special Representative of the Secretary-General on Sexual Violence in Conflict,OSRSG-SVC,Maintenance of international peace and security,I,"Overall policymaking, direction and coordination",1,"Overall policy-making, direction and coordination",2019.0,2023.0,5.0,2019 | 2020 | 2021 | 2022 | 2023,1.0,32754.0,16860327.0,0.0019426669482744908,matched,entity:office-of-the-special-representative-of-the-secretary-ge:69920669e2,Office of the Special Representative of the Secretary-General on Sexual Violence in Conflict,SRSG-SVC,,,
SVD,Trust Fund in Support of the Special Representative of the Secretary-General on Violence against Children,2017,2024,8,mapped,True,exact_normalized_name,name_match,high,Schedule and old-open fund names match after presentation-only normalization.,,Trust Fund in Support of the Special Representative of the Secretary-General on Violence against Children,OSRSG-VAC,Maintenance of international peace and security,I,"Overall policymaking, direction and coordination",1,"Overall policy-making, direction and coordination",2019.0,2023.0,5.0,2019 | 2020 | 2021 | 2022 | 2023,1.0,2161.0,1898237.0,0.001138424759395165,matched,entity:office-of-the-special-representative-of-the-secretary-ge:9a789bfb19,Office of the Special Representative of the Secretary-General on Violence against Children,SRSG-VAC,,,
SWE,Trust Fund for Support of Joint Inspection Unit (JIU) Activities,2017,2024,8,unresolved,False,,,none,The five-year expense pattern points to the SWEO row while the schedule title says Joint Inspection Unit; the conflicting institutional labels require authoritative review.,,,,,,,,,,,,,,,,,not_applicable,,,,,,
SZA,Trust Fund in Support of Political Affairs,2017,2024,8,mapped,True,exact_normalized_name,name_match,high,Schedule and old-open fund names match after presentation-only normalization.,,Trust Fund in Support of Political Affairs,DPPA,Maintenance of international peace and security,II,Political affairs,3,Political affairs,2019.0,2023.0,7.0,2019 | 2020 | 2021 | 2022 | 2023,0.0,660613.0,180913590.0,0.0036515388368557606,matched,entity:department-of-political-and-peacebuilding-affairs:683a184de8,Department of Political and Peacebuilding Affairs,DPPA,,,
TJA,Trust Fund to Assist States in the Judicial Settlement of Disputes through the International Court of Justice,2017,2024,8,mapped,True,exact_normalized_name,name_match,high,Schedule and old-open fund names match after presentation-only normalization.,,Trust Fund to Assist States in the Judicial Settlement of Disputes through the International Court of Justice,ICJ,Promotion of international justice and law,III,International justice and law,7,International Court of Justice,2019.0,2023.0,5.0,2019 | 2020 | 2021 | 2022 | 2023,0.0,5991.0,140151.0,0.0427467517177901,matched,entity:international-court-of-justice:bba9df47ba,International Court of Justice,ICJ,,,
TLA,"Trust Fund for the United Nations Programme of Assistance in the Teaching, Study, Dissemination and Wider Appreciation of International Law",2017,2024,8,mapped,True,exact_normalized_name,name_match,high,Schedule and old-open fund names match after presentation-only normalization.,,"Trust Fund for the United Nations Programme of Assistance in the Teaching, Study, Dissemination and Wider Appreciation of International Law",OLA,Promotion of international justice and law,III,International justice and law,8,Legal affairs,2019.0,2023.0,5.0,2019 | 2020 | 2021 | 2022 | 2023,3.0,419.0,112767.0,0.003715626025344294,matched,entity:office-of-legal-affairs:26ec3d7280,Office of Legal Affairs,OLA,,,
TTA,United Nations Commission on International Trade Law Symposia,2017,2024,8,mapped,True,exact_normalized_name,name_match,high,Schedule and old-open fund names match after presentation-only normalization.,,United Nations Commission on International Trade Law Symposia,OLA,Promotion of international justice and law,III,International justice and law,8,Legal affairs,2019.0,2023.0,5.0,2019 | 2020 | 2021 | 2022 | 2023,2.0,3319.0,4935178.0,0.0006725188027665871,matched,entity:office-of-legal-affairs:26ec3d7280,Office of Legal Affairs,OLA,,,
TXB,Trust Fund for UNCTAD Technical Cooperation Projects,2017,2024,8,mapped,True,exact_normalized_name,name_match,high,Schedule and old-open fund names match after presentation-only normalization.,,Trust Fund for UNCTAD Technical Cooperation Projects,UNCTAD,Promotion of sustained economic growth and sustainable development,IV,International cooperation for development,12,Trade and development,2019.0,2023.0,6.0,2019 | 2020 | 2021 | 2022 | 2023,1.0,1078377.0,208698523.0,0.005167152045441165,matched,entity:united-nations-conference-on-trade-and-development:407a3c62a0,United Nations Conference on Trade and Development,UNCTAD,,,
UDF,UN Democracy Trust Fund,2017,2024,8,mapped,True,exact_normalized_name,name_match,high,Schedule and old-open fund names match after presentation-only normalization.,,UN Democracy Trust Fund,UNOP,Promotion of sustained economic growth and sustainable development,I,"Overall policymaking, direction and coordination",1,"Overall policy-making, direction and coordination",2019.0,2023.0,6.0,2019 | 2020 | 2021 | 2022 | 2023,1.0,2421414.0,48568289.0,0.049855863771523845,not_in_ppb_dimension,,,,,,
UGA,Trust Fund for Security of Staff Members of the United Nations System,2017,2024,8,mapped,True,exact_normalized_name,name_match,high,Schedule and old-open fund names match after presentation-only normalization.,,Trust Fund for Security of Staff Members of the United Nations System,DSS,Effective functioning of the organization,XII,Safety and Security | Safety and security,34,Safety and security,2019.0,2023.0,5.0,2019 | 2020 | 2021 | 2022 | 2023,1.0,11464.0,12067634.0,0.0009499790928362594,matched,entity:department-of-safety-and-security:6358a4d5fa,Department of Safety and Security,DSS,,,
UIC,Trust Fund for the United Nations Operation in Cote d'Ivoire,2017,2024,8,mapped,True,exact_normalized_name,name_match,high,Schedule and old-open fund names match after presentation-only normalization.,,Trust Fund for the United Nations Operation in Cote d'Ivoire,OTHER,Maintenance of international peace and security,II,Political affairs,5,Peacekeeping operations,2019.0,2023.0,5.0,2019 | 2020 | 2021 | 2022 | 2023,1.0,314.0,235.0,1.3361702127659574,not_in_ppb_dimension,,,,,,
UNN,Trust Fund for UNON Extrabudgetary,2017,2024,8,mapped,True,exact_normalized_name,name_match,high,Schedule and old-open fund names match after presentation-only normalization.,,Trust Fund for  UNON Extrabudgetary | Trust Fund for UNON Extrabudgetary,UNON,Effective functioning of the organization,I | VIII,"Common support services | Overall policymaking, direction and coordination",1 | 29G,"Administration, Nairobi | Overall policy-making, direction and coordination",2019.0,2023.0,6.0,2019 | 2020 | 2021 | 2022 | 2023,0.0,111965.0,658189.0,0.17011071288034288,matched,entity:united-nations-office-at-nairobi:5c616c1c1e,United Nations Office at Nairobi,UNON,,,
UPR,Voluntary Fund for Financial and Technical Assistance for the Implementation of the Universal Periodic Review,2017,2024,8,mapped,True,exact_normalized_name,name_match,high,Schedule and old-open fund names match after presentation-only normalization.,,Voluntary Fund for Financial and Technical Assistance for the Implementation of the Universal Periodic Review,OHCHR,Promotion and protection of human rights,VI,Human rights and humanitarian affairs,24,Human rights,2019.0,2023.0,5.0,2019 | 2020 | 2021 | 2022 | 2023,3.0,5305.0,2856349.0,0.0018572660413695946,matched,entity:office-of-the-united-nations-high-commissioner-for-human:2dab098997,Office of the United Nations High Commissioner for Human Rights,OHCHR,,,
VPU,Voluntary Fund for Participation in the Universal Periodic Review,2017,2024,8,mapped,True,exact_normalized_name,name_match,high,Schedule and old-open fund names match after presentation-only normalization.,,Voluntary Fund for Participation in the Universal Periodic Review,OHCHR,Promotion and protection of human rights,VI,Human rights and humanitarian affairs,24,Human rights,2019.0,2023.0,5.0,2019 | 2020 | 2021 | 2022 | 2023,1.0,1409.0,1070207.0,0.00131656772942057,matched,entity:office-of-the-united-nations-high-commissioner-for-human:2dab098997,Office of the United Nations High Commissioner for Human Rights,OHCHR,,,
VTA,Voluntary Technical Assistance Trust Fund to Support the Paticipation of Least Developed Countries & Small Island Developing States in the work of the Human Rights Council,2017,2024,8,mapped,True,curated_alias,name_match,high,The schedule misspells Participation; the corrected title and expense pattern identify the old-open row.,,Voluntary Technical Assistance Trust Fund to Support the Participation of Least Developed Countries & Small Island Developing States in the work of the Human Rights Council,OHCHR,Promotion and protection of human rights,VI,Human rights and humanitarian affairs,24,Human rights,2019.0,2023.0,5.0,2019 | 2020 | 2021 | 2022 | 2023,2.0,13543.0,2817826.0,0.004806187465088334,matched,entity:office-of-the-united-nations-high-commissioner-for-human:2dab098997,Office of the United Nations High Commissioner for Human Rights,OHCHR,,,
WAA,Trust Fund for Aging,2017,2024,8,mapped,True,exact_normalized_name,name_match,high,Schedule and old-open fund names match after presentation-only normalization.,,Trust Fund for Aging,DESA,Promotion of sustained economic growth and sustainable development,IV,International cooperation for development,9,Economic and social affairs,2019.0,2023.0,5.0,2019 | 2020 | 2021 | 2022 | 2023,2.0,443.0,132019.0,0.003355577606253645,matched,entity:department-of-economic-and-social-affairs:dc7b378fcc,Department of Economic and Social Affairs,DESA,,,
WKA,Trust Fund to Support the Work of the High-level Political Forum on Sustainable Development,2017,2024,8,mapped,True,exact_normalized_name,name_match,high,Schedule and old-open fund names match after presentation-only normalization.,,Trust Fund to Support the work of the High-level Political Forum on Sustainable Development,DESA,Promotion of sustained economic growth and sustainable development,IV,International cooperation for development,9,Economic and social affairs,2019.0,2023.0,5.0,2019 | 2020 | 2021 | 2022 | 2023,1.0,139077.0,11828019.0,0.011758266536433531,matched,entity:department-of-economic-and-social-affairs:dc7b378fcc,Department of Economic and Social Affairs,DESA,,,
WOA,Trust Fund for the Follow-up to the World Summit for Social Development,2017,2024,8,mapped,True,exact_normalized_name,name_match,high,Schedule and old-open fund names match after presentation-only normalization.,,Trust Fund for the Follow-up to the World Summit for Social Development,DESA,Promotion of sustained economic growth and sustainable development,IV,International cooperation for development,9,Economic and social affairs,2019.0,2023.0,5.0,2019 | 2020 | 2021 | 2022 | 2023,1.0,7634.0,317135.0,0.0240717675437905,matched,entity:department-of-economic-and-social-affairs:dc7b378fcc,Department of Economic and Social Affairs,DESA,,,
WVZ,ESCWA - Technical Cooperation Trust Fund,2017,2024,8,mapped,True,exact_normalized_name,name_match,high,Schedule and old-open fund names match after presentation-only normalization.,,ESCWA - Technical Cooperation Trust Fund,ESCWA,Promotion of sustained economic growth and sustainable development,V,Regional cooperation for development,22,Economic and social development in Western Asia,2019.0,2023.0,6.0,2019 | 2020 | 2021 | 2022 | 2023,1.0,107402.0,25413246.0,0.004226221239112863,matched,entity:economic-and-social-commission-for-western-asia:86abdaa8ef,Economic and Social Commission for Western Asia,ESCWA,,,
XES,Trust Fund for Department of Economic and Social Affairs Capacity Development Programme,2017,2024,8,mapped,True,exact_normalized_name,name_match,high,Schedule and old-open fund names match after presentation-only normalization.,,Trust Fund for Department of Economic and Social Affairs Capacity Development Programme,DESA,Promotion of sustained economic growth and sustainable development,IV,International cooperation for development,9,Economic and social affairs,2019.0,2023.0,7.0,2019 | 2020 | 2021 | 2022 | 2023,2.0,1156626.0,85960175.0,0.013455370466614337,matched,entity:department-of-economic-and-social-affairs:dc7b378fcc,Department of Economic and Social Affairs,DESA,,,
YEA,Trust Fund in Support of Office of the Special Envoy of the Secretary General to Yemen (OSESGY),2024,2024,1,mapped,True,arwo_exact_normalized_name,name_match,high,Exact fund name and unique entity in latest ARWO consolidated sheet.,OSESG-Yemen,Trust Fund in Support of Office of the Special Envoy of the Secretary General to Yemen (OSESGY),OSESG-Yemen,Maintenance of international peace and security,II,Political affairs,3,Political affairs,2024.0,2025.0,2.0,2024,1.0,0.0,8129.0,0.0,not_in_ppb_dimension,,,,ARWO_2019-2025.xlsx,Data_Raw_19-25,55147c39f37135af81d1b253394123987f6377fd8d241d2381c1f65350795b3f
YFA,Trust Fund for Assistance in the Training of United Nations Staff in the French Language,2017,2020,4,mapped,True,exact_normalized_name,name_match,high,Schedule and old-open fund names match after presentation-only normalization.,,Trust Fund for Assistance in the Training of United Nations Staff in the French Language,DMSPC,Effective functioning of the organization,VIII,Common support services,29A,"Department of Management Strategy, Policy and Compliance",2019.0,2020.0,2.0,2019 | 2020,1.0,12.0,2.0,6.0,matched,entity:department-of-management-strategy-policy-and-compliance:019d36a68e,"Department of Management Strategy, Policy and Compliance",DMSPC,,,
YJA,Trust Fund for Alliance of Civilizations,2017,2024,8,mapped,True,exact_normalized_name,name_match,high,Schedule and old-open fund names match after presentation-only normalization.,,Trust Fund for Alliance of Civilizations,UNAOC,Maintenance of international peace and security,II,Political affairs,3,Political affairs,2019.0,2023.0,7.0,2019 | 2020 | 2021 | 2022 | 2023,1.0,18952.0,21996877.0,0.0008615768502046905,matched,entity:united-nations-alliance-of-civilizations:aad659ea98,United Nations Alliance of Civilizations,UNAOC,,,
YRA,Trust Fund for Will and Gift to the UN,2017,2024,8,mapped,True,exact_normalized_name,name_match,high,Schedule and old-open fund names match after presentation-only normalization.,,Trust Fund for Will and Gift to the UN,OTHER,Effective functioning of the organization,VIII,Common support services,29A,"Department of Management Strategy, Policy and Compliance",2019.0,2023.0,5.0,2019 | 2020 | 2021 | 2022 | 2023,1.0,7225.0,248048.0,0.029127426949622653,not_in_ppb_dimension,,,,,,
