fund_code,fund_name,first_year,last_year,observed_years
ACM,Trust Fund in Support of General Assembly and Conference Management Activities,2017,2024,8
AHA,Voluntary Fund for Advisory Services and Technical Assistance in the Field of Human Rights,2017,2024,8
AMR,Trust Fund for the Annual Ministerial Review and the Development Cooperation Forum,2017,2024,8
AMS,Trust Fund for the United Nations Integrated Transition Assistance Mission in Sudan,2022,2024,3
ANC,Trust Fund in Support of the United Nations Mission in Afghanistan UNAMA,2017,2024,8
BKT,ESCAP - Technical Cooperation Project Trust Funds - Local,2017,2024,8
BTF,General Trust Fund for ESCAP Regional Activities,2017,2024,8
BTS,ECLAC Santiago - Technical Cooperation Project Trust Funds,2017,2024,8
CAF,Trust Fund in Support of Peacebuilding Efforts in the Central African Republic,2017,2024,8
CCR,Trust Fund to Support the Coordination and Coherence of the Rule of Law Activities of the United Nations System,2017,2024,8
CCS,Trust Fund for Climate Change Support,2017,2024,8
CER,Central Emergency Response Fund,2017,2024,8
CFE,Trust Fund for ECA Construction,2018,2024,7
CHA,United Nations Voluntary Fund for Victims of Torture,2017,2024,8
CIA,Trust Fund for a Human Rights Education Programme in Cambodia,2017,2024,8
CIB,Trust Fund in support of the construction and renovation of the United Nations compound in Baghdad,2017,2024,8
CLA,Trust Fund for Legal Affairs and related issues,2017,2024,8
CLO,Trust Funds converted from IMIS to be closed,2017,2024,8
CLR,Trust Fund Central Emergency Response Fund Loan component,2017,2024,8
CNM,Trust Fund in Support of the Cameroon-Nigeria Border Demarcation and Other Activities Related to Preventive Diplomacy and Peacemaking,2018,2024,7
COC,Trust Fund to Support Management and Reform Activities,2017,2024,8
CPK,Trust Fund in Support Peacekeeping Activities,2017,2024,8
CSA,Trust Fund for Case Studies on the Functioning of the Operational Activities for Development of the United Nations System,2017,2024,8
CTD,Trust Fund for the Counter-Terrorism Committee Executive Directorate,2017,2024,8
CTI,Trust Fund for Counter-Terrorism,2017,2024,8
CYP,Trust Fund to Support Peace and Security in Cyprus,2020,2024,5
DAA,United Nations Regional Centre for Peace and Disarmament in Africa,2017,2024,8
DBA,"Trust Fund for the United Nations Regional Centre for Peace, Disarmament and Development in Latin America",2017,2024,8
DDN,Trust Fund for the Strengthening of the Office of the Emergency Relief Coordinator,2017,2024,8
DFA,Trust Fund for the United Nations Regional Centre for Peace and Disarmament in Asia,2017,2024,8
DGA,Trust Fund for Global and Regional Disarmament Activities,2017,2024,8
DGT,Sub-account for supporting the implementation of the Arms Trade Treaty and Programme of Action,2017,2024,8
DJA,Trust Fund for the establishment of a Joint Investigative Mechanism (gfj) pursuant to rkp`o OOPR (OMNR),2017,2024,8
DLA,Sasakawa - UNDRO Disaster Prevention Award Endowment Fund,2017,2024,8
DRA,United Nations Institute for Disarmament Research,2017,2024,8
DSA,Special Purpose Trust Fund for the Reinvigorated Resident Coordinator (RC) System,2018,2024,7
DUN,Trust Fund for Digital Agenda,2018,2024,7
DVA,Trust Fund for Development Planning and Projections,2017,2019,3
DWA,Trust Fund for the United Nations Disarmament Information Programme,2019,2024,6
DXA,Trust Fund for Disaster Reduction,2017,2024,8
EAA,"United Nations Electronic Data Interchange for Administration, Commerce and Transport",2017,2020,4
ECE,ECE Local Technical Co-operation Trust Funds,2017,2024,8
EER,Trust Fund in Support of the UN Coordinated Response to the Ebola Crisis,2017,2020,4
EHA,UN/ECE Trust Fund on Human Settlements,2017,2020,4
EIA,"Trust Fund for Environmental Performance Reviews and the ""Environment for Europe""",2017,2020,4
ERA,Development Forum Trust Fund,2017,2024,8
ESA,Trust Fund for Economic and Social Information,2017,2024,8
ESW,Trust Fund in Support of the System-Wide Evaluation,2022,2024,3
FII,Trust Fund on Indigenous Issues,2017,2024,8
FYA,United Nations Trust Fund on Family Activities,2017,2024,8
GAC,Trust Fund in Support of the Office of the President of the General Assembly,2017,2024,8
GBA,Trust Fund for Statistical Development and Capacity Building,2017,2024,8
GCU,United Nations Trust Fund for Government Contributions to UNICS,2017,2024,8
GIV,Trust Fund to Support Global Impact and Vulnerability Alert System,2017,2024,8
GKA,Global Compact Trust Fund,2017,2024,8
GLA,Trust Fund in support of the Office of the Special Envoy of the Secretary-General for the Great Lakes Region,2017,2024,8
GNA,Trust Fund for the International Tribunal for the Prosecution of Persons Responsible for Genocide and Other Serious Violations of International Humanitarian Law Committed in the Territory of Rwanda,2017,2020,4
GTA,Trust Fund for German Language Translation,2017,2024,8
GYA,Trust Fund for United Nations Integrated Peace Building Office in Guinea Bissau (UNIOGBIS),2017,2022,6
HBP,Trust Fund for the Implementation of HLCM Plan of Action for the Harmonization of Business Practices in the United Nations system,2017,2024,8
HCA,Trust Fund for the Support to the Activities of the Centre for Human Rights,2017,2024,8
HCB,Host Country Agreements - rken (Volume 1),2020,2024,5
HDM,ECA as Executing Agency for Miscellaneous Technical Co-operation Funds,2017,2024,8
HIA,Trust Fund to Support Activities for the Follow-up to the International Conference on Financing for Development,2017,2024,8
HKA,Trust Fund in Support of the Political Transition in Haiti,2017,2024,8
HYA,Trust Fund for Human Security,2017,2024,8
ICJ,Trust Fund for the Judicial Fellowship of the International Court of Justice,2021,2024,4
IDA,United Nations Voluntary Fund on Disability,2017,2024,8
IDP,African Institute for Economic Development and Planning (IDEP),2018,2024,7
IEA,United Nations Youth Fund,2017,2024,8
IHA,United Nations Voluntary Fund for Indigenous Populations,2017,2024,8
IIM,Trust Fund for the Independent Investigative Mechanism for Myanmar,2021,2024,4
IIT,Trust Fund to Support the Iraq Investigative Team pursuant to rkp`o OPTV (OMNT),2017,2024,8
IOA,Voluntary Trust Fund to Support the Activities of the International Tribunal Established by Security Council Resolution UOT (NVVP),2017,2020,4
JMS,Trust Fund for the AU-UN Joint Mediation Support Team (JMST) for Darfur,2017,2024,8
JPO,Trust Fund for Junior Professional Officer Programme Administered by Department of Economic and Social Affairs,2017,2024,8
JTA,Trust Fund for the Millennium Assembly and the Millennium Summit of the United Nations,2017,2024,8
KDB,"Trust Fund to Support the Implementation of Community-based Assistance Projects of the Roma, Ashkali and Egyptian Communities in Kosovo",2019,2024,6
KJA,Trust Fund to Assist Members of the Commission on the Limits of the Continental Shelf from Developing States to Participate in its Meetings,2017,2024,8
KRT,UNAKRT - UN Assistance for the Khmer Rouge Trails,2017,2024,8
KSA,Trust Fund in Support of the United Nations Forum on Forests,2017,2024,8
KUA,Trust Fund to Assist Developing States in the Preparation of Submissions to the Commission on the Limits of the Continental Shelf,2017,2024,8
LAC,ECLAC - Miscellaneous project accounts,2017,2024,8
LEA,Library Endowment Fund,2017,2024,8
LJA,Trust Fund for Special Projects of the Secretary-General,2017,2024,8
LLA,Trust Fund in Support of the Department of Peacekeeping Operations,2017,2024,8
LLB,Trust Fund in Support of the Department of Operational Support,2019,2024,6
LLS,"Trust Fund in Support of Activities Undertaken by the Office of the High Representative for the Least Developed Countries, Landlocked Developing Countries and Small Island Developing States (OHRLLS)",2017,2024,8
LMR,Trust Fund for Locally Mobilized Non-Core Support for the UN Resident Coordinator Offices,2022,2024,3
LPD,Trust Fund to Support Lasting Peace in Darfur,2017,2024,8
LRA,Trust Fund for the Financing of the Implementation of the Convention on Long-Range Transboundary Air Pollution,2017,2024,8
LSS,Trust Fund for UNOG Local Support Services,2017,2024,8
LTA,Trust Fund for the ECE Study on Long-Term European Timber Trends and Prospects,2017,2020,4
MIS,Trust Fund in Support of the African-led International Support Mission in the Central African Republic (MISCA),2017,2024,8
MNA,Voluntary Trust Fund for Assistance in Mine Action,2017,2024,8
MSM,Trust Fund in Support of the African-led International Support Mission in Mali,2017,2024,8
MSS,Trust Fund in Support of the Multinational Security Support (MSS) Mission in Haiti,2023,2024,2
MWF,Trust Fund for the Memorial Wall for Fallen UN Peacekeepers,2024,2024,1
MYM,Trust Fund in support of executing the mandate of the Special Envoy of Secretary-General on Myanmar (SESG-Myanmar),2020,2024,5
NAA,Trust Fund for the Support of Activities of OSAA to the New Partnership for Africa's Development (NEPAD) and Tokyo International Conference on African Development (TICAD) Process,2017,2024,8
NGA,Trust Fund to Support Peace Process in the Democratic Republic of Congo,2017,2024,8
NNA,Trust Fund for Children and Armed Conflict,2017,2024,8
OAU,Trust Fund to support the rkl^r pursuant to Security Councils OOPM (OMNS) OPTU (OMNT) and OQRT (OMNV),2020,2024,5
OST,Trust Fund in Support of the Office of the Secretary-General's Envoy on Technology,2023,2024,2
OTB,Trust Fund to Support the launch and operationalization of the Technology Bank for LDCs,2017,2024,8
OUN,Technical Cooperation Trust Fund for One UN projects implemented by UNCTAD,2017,2024,8
PDF,Trust Fund for United Nations Peace and Development,2017,2024,8
PGA,Trust Fund for Population and Development,2017,2024,8
PIA,Trust Fund for Public Awareness on Disarmament Affairs,2019,2024,6
PIL,Trust Fund for the Office of Legal Affairs to Support the Promotion of International Law,2017,2024,8
PSL,Trust Fund in Support of Peace and Security in Libya,2017,2024,6
PSM,Trust Fund in Support of Peace and Security in Mali,2017,2024,8
PSO,Trust Fund for the Peacebuilding Support Office,2017,2024,8
PYA,Trust Fund for Preventive Action,2017,2024,8
QGA,United Nations Fund for International Partnership (UNFIP),2017,2024,8
QGB,Trust Fund for Partnerships,2017,2024,8
QOA,United Nations Trust Fund for Enhancing Professional Capacity in Internal Oversight Functions,2017,2024,8
RIA,United Nations Research Institute for Social Development,2017,2024,8
RMB,Trust Fund to Support the Activities of the International Residual Mechanism for Criminal Tribunals,2017,2024,8
ROD,Trust Fund in Support of the United Nations Register of Damage,2017,2024,8
RSS,Trust Fund for the United Nations Mission in South Sudan,2019,2024,6
SAU,Trust Fund in Support of the African Union Mission to Somalia (AMISOM),2017,2024,8
SBA,Trust Fund in Support of United Nations Programme on Peaceful Uses of Outer Space,2017,2024,8
SCC,Trust Fund to support the Syrian Constitutional Committee,2020,2024,5
SCS,Trust Fund in support of the activities of the Office of the UN Special Coordinator for the Development in the Sahel,2021,2024,4
SDP,Trust Fund for Sports for Development and Peace,2017,2020,4
SEA,Trust Fund in support of the Special Coordinator on improving the United Nations response to Sexual Exploitation and Abuse,2023,2024,2
SHA,United Nations Trust Fund on Contemporary Forms of Slavery,2017,2024,8
SIM,Trust Fund in Support of the International Impartial and Independent Mechanism,2017,2024,8
SNA,Trust Fund to promote information to United Nations staff about the work of the Organization (formerly Secretariat News Trust Fund),2017,2024,8
SOP,Trust Fund for Peacebuilding in Somalia,2017,2024,8
STS,Trust Fund in Support of the Somali Transitional Security Institutions,2017,2020,4
SVB,Trust Fund in Support of Victims of Sexual Exploitaion and Abuse,2017,2024,8
SVC,Trust Fund in Support of the Office of the Special Representative of the Secretary-General on Sexual Violence in Conflict,2017,2024,8
SVD,Trust Fund in Support of the Special Representative of the Secretary-General on Violence against Children,2017,2024,8
SWE,Trust Fund for Support of Joint Inspection Unit (JIU) Activities,2017,2024,8
SZA,Trust Fund in Support of Political Affairs,2017,2024,8
TJA,Trust Fund to Assist States in the Judicial Settlement of Disputes through the International Court of Justice,2017,2024,8
TLA,"Trust Fund for the United Nations Programme of Assistance in the Teaching, Study, Dissemination and Wider Appreciation of International Law",2017,2024,8
TTA,United Nations Commission on International Trade Law Symposia,2017,2024,8
TXB,Trust Fund for UNCTAD Technical Cooperation Projects,2017,2024,8
UDF,UN Democracy Trust Fund,2017,2024,8
UGA,Trust Fund for Security of Staff Members of the United Nations System,2017,2024,8
UIC,Trust Fund for the United Nations Operation in Cote d'Ivoire,2017,2024,8
UNN,Trust Fund for UNON Extrabudgetary,2017,2024,8
UPR,Voluntary Fund for Financial and Technical Assistance for the Implementation of the Universal Periodic Review,2017,2024,8
VPU,Voluntary Fund for Participation in the Universal Periodic Review,2017,2024,8
VTA,Voluntary Technical Assistance Trust Fund to Support the Paticipation of Least Developed Countries & Small Island Developing States in the work of the Human Rights Council,2017,2024,8
WAA,Trust Fund for Aging,2017,2024,8
WKA,Trust Fund to Support the Work of the High-level Political Forum on Sustainable Development,2017,2024,8
WOA,Trust Fund for the Follow-up to the World Summit for Social Development,2017,2024,8
WVZ,ESCWA - Technical Cooperation Trust Fund,2017,2024,8
XES,Trust Fund for Department of Economic and Social Affairs Capacity Development Programme,2017,2024,8
YEA,Trust Fund in Support of Office of the Special Envoy of the Secretary General to Yemen (OSESGY),2024,2024,1
YFA,Trust Fund for Assistance in the Training of United Nations Staff in the French Language,2017,2020,4
YJA,Trust Fund for Alliance of Civilizations,2017,2024,8
YRA,Trust Fund for Will and Gift to the UN,2017,2024,8
